time,latitude,longitude,depth,mag,magType,nst,gap,dmin,rms,net,id,updated,place,type,horizontalError,depthError,magError,magNst,status,locationSource,magSource
2023-10-16T10:20:49.740Z,40.3156667,-124.0548333,31.06,4.83,mw,45,52,0.0472,0.12,nc,nc73947830,2023-10-19T07:10:02.340Z,"20 km E of Petrolia, CA",earthquake,0.27,0.59,,4,reviewed,nc,nc
2023-09-30T15:26:26.760Z,40.5588333,-124.2886667,17.88,4.65,mw,45,166,0.02573,0.2,nc,nc73943821,2023-10-19T01:01:54.273Z,"3 km SW of Ferndale, CA",earthquake,0.44,0.29,,5,reviewed,nc,nc
2023-09-19T04:13:10.380Z,37.4381667,-121.2958333,3.51,4.53,mw,174,91,0.05369,0.18,nc,nc73938736,2023-10-19T02:48:54.324Z,"15 km SW of Westley, CA",earthquake,0.17,0.5,,5,reviewed,nc,nc
2023-09-08T17:24:38.390Z,40.953,-121.56,15.63,4.99,mw,41,33,0.08699,0.12,nc,nc73934641,2023-10-20T17:34:58.382Z,"12 km NE of Burney, CA",earthquake,0.2,0.56,,4,reviewed,nc,nc
2023-08-20T21:41:00.970Z,34.4085,-119.1883333,4.84,5.08,mw,115,27,0.05069,0.35,ci,ci39645386,2023-10-19T01:39:12.693Z,"7 km SE of Ojai, CA",earthquake,0.25,0.69,,6,reviewed,ci,ci
2023-07-19T07:34:23.821Z,39.5107,-116.5364,3.7,4.5,mw,8,46.24,0.842,0.4058,nn,nn00862970,2023-09-28T21:33:47.040Z,"45 km E of Austin, Nevada",earthquake,,9.7,,,reviewed,nn,nn
2023-07-16T19:16:05.100Z,31.5663333,-114.4146667,5.97,4.57,mw,14,127,0.4826,0.33,ci,ci39614322,2023-09-28T21:33:31.040Z,"89km SE of Estacion Coahuila, B.C., MX",earthquake,0.53,31.61,,6,reviewed,ci,ci
2023-05-14T15:18:15.416Z,30.9225,-116.4154,10,4.5,mwr,109,180,0.443,0.75,us,us6000kbvb,2023-07-24T01:16:58.040Z,"24 km W of Las Brisas, Mexico",earthquake,5.25,1.855,0.031,102,reviewed,us,us
2023-05-12T10:18:41.310Z,40.196,-121.0998333,6.06,5.16,mw,49,37,0.06232,0.19,nc,nc73887046,2023-07-22T19:17:00.040Z,"4km NW of Canyondam, CA",earthquake,0.29,0.66,,4,reviewed,nc,nc
2023-05-11T23:19:41.990Z,40.2041667,-121.1095,5.85,5.48,mw,54,46,0.05144,0.16,nc,nc73886731,2023-10-19T23:29:47.393Z,"Lake Almanor Earthquake",earthquake,0.26,0.56,,4,reviewed,nc,nc
2023-03-21T23:18:19.630Z,40.5415,-124.3725,18.1,4.54,mw,34,204,0.07107,0.18,nc,nc73860415,2023-05-26T21:54:11.040Z,"10km WSW of Ferndale, CA",earthquake,0.57,0.35,,5,reviewed,nc,nc
2023-01-01T18:35:04.510Z,40.409,-123.971,30.63,5.35,mw,37,44,0.1146,0.13,nc,nc73827571,2023-08-13T16:30:41.019Z,"15km SE of Rio Dell, CA",earthquake,0.25,0.62,,5,reviewed,nc,nc
2022-12-20T10:39:02.360Z,40.5228333,-124.1881667,26.55,4.92,mw,35,60,0.06918,0.12,nc,nc73821046,2023-02-28T23:06:32.040Z,"7km WNW of Rio Dell, CA",earthquake,0.3,0.47,,3,reviewed,nc,nc
2022-12-20T10:34:24.770Z,40.525,-124.423,17.91,6.4,mw,38,214,0.0818,0.18,nc,nc73821036,2023-10-17T10:44:37.112Z,"15km WSW of Ferndale, CA",earthquake,0.67,0.4,,0,reviewed,nc,nc
2022-11-22T21:00:56.508Z,30.9783,-116.4784,10,4.5,mb,35,128,0.724,0.74,us,us7000irm7,2023-01-30T06:01:01.040Z,"30 km W of Las Brisas, Mexico",earthquake,2.44,1.804,0.115,22,reviewed,us,us
2022-11-22T16:39:05.789Z,30.7936,-116.3907,10,6.2,mww,164,61,0.494,0.75,us,us7000irjd,2023-03-30T07:15:48.466Z,"28 km SW of Las Brisas, Mexico",earthquake,4.14,1.745,0.029,118,reviewed,us,us
2022-10-25T18:42:02.710Z,37.3115,-121.672,8.38,5.06,mw,199,28,0.03815,0.1,nc,nc73799091,2023-10-17T18:52:06.674Z,"15km ESE of Alum Rock, CA",earthquake,0.08,0.18,,3,reviewed,nc,nc
2022-09-24T19:27:39.450Z,40.3136667,-124.7245,13.08,4.84,mw,109,228,0.2932,0.24,nc,nc73785481,2022-12-03T22:03:20.040Z,"37km W of Petrolia, CA",earthquake,0.47,0.5,,4,reviewed,nc,nc
2022-07-15T01:19:07.000Z,35.7091667,-117.5843333,6.3,4.58,mw,60,43,0.08708,0.19,ci,ci40063391,2022-12-06T04:12:22.000Z,"13km NE of Ridgecrest, CA",earthquake,0.13,0.47,,6,reviewed,ci,ci
2022-06-18T05:03:14.121Z,30.0788,-113.8135,10,5.1,mww,48,155,1.309,0.49,us,us7000hiar,2022-08-28T03:18:18.040Z,"109 km W of La Libertad, Mexico",earthquake,2.63,1.89,0.056,31,reviewed,us,us
2022-06-18T05:00:44.328Z,30.1501,-113.7326,10,5.1,mww,89,109,1.309,0.84,us,us7000hial,2022-08-28T03:18:18.040Z,"103 km WNW of La Libertad, Mexico",earthquake,4.28,1.87,0.041,58,reviewed,us,us
2022-06-18T04:51:29.788Z,30.0817,-113.7212,10,5.2,mww,60,153,2.024,0.78,us,us7000hiaj,2022-08-28T03:18:17.040Z,"101 km W of La Libertad, Mexico",earthquake,6.8,1.9,0.035,80,reviewed,us,us
2022-04-15T04:30:55.980Z,31.9305,-116.8925,14.51,4.53,mw,27,234,0.2038,0.23,ci,ci40236864,2023-04-27T17:29:58.320Z,"20km W of El Sauzal, B.C., MX",earthquake,0.8,1.06,,6,reviewed,ci,ci
2022-02-15T21:16:24.065Z,38.1814,-117.7833,4.1,4.7,ml,23,33.3,0.12,0.132,nn,nn00833903,2022-04-30T14:18:16.040Z,"36 km SE of Mina, Nevada",earthquake,,3.5,0.14,7,reviewed,nn,nn
2022-01-06T02:42:10.830Z,40.3846667,-124.8643333,12.57,4.58,mw,145,224,0.4123,0.24,nc,nc73674251,2022-03-12T22:19:11.040Z,"50km W of Petrolia, CA",earthquake,0.87,0.9,,3,reviewed,nc,nc
2022-01-06T00:28:07.010Z,37.3338333,-117.9023333,9.5,4.75,mw,65,70,0.3206,0.1,nc,nc73674211,2022-03-12T22:19:11.040Z,"8km ESE of Deep Springs, CA",earthquake,0.22,0.57,,4,reviewed,nc,nc
2021-12-26T18:43:31.297Z,29.9182,-113.8046,10,4.7,mb,,42,1.435,0.94,us,us6000gfhi,2022-03-05T23:10:42.040Z,"Baja California, Mexico",earthquake,4.5,1.9,0.063,75,reviewed,us,us
2021-12-24T05:44:50.249Z,29.9939,-113.7224,10,4.9,mb,,134,1.425,0.84,us,us6000gezr,2022-03-05T23:10:35.040Z,"99 km W of La Libertad, Mexico",earthquake,4.1,1.9,0.091,38,reviewed,us,us
2021-12-20T20:13:40.750Z,40.3498333,-124.8993333,19.88,4.84,ml,90,241,0.4301,0.19,nc,nc71126864,2022-06-21T06:11:25.572Z,"52km W of Petrolia, CA",earthquake,0.69,1.6,0.146,10,reviewed,nc,nc
2021-12-20T20:10:31.310Z,40.3901667,-124.298,27.04,6.2,mw,33,170,0.06557,0.13,nc,nc73666231,2022-12-30T01:11:35.632Z,"7km N of Petrolia, CA",earthquake,0.46,0.34,,0,reviewed,nc,nc
2021-12-20T20:10:20.310Z,40.2978333,-124.626,16.51,5.65,ml,63,234,0.217,0.18,nc,nc71127029,2022-03-01T16:38:21.040Z,"29km W of Petrolia, CA",earthquake,0.9,0.42,0.146,3,reviewed,nc,nc
2021-12-19T10:27:35.704Z,30.0098,-113.7587,10,4.6,mwr,,111,1.392,0.71,us,us6000gdks,2022-03-01T16:37:54.040Z,"103 km W of La Libertad, Mexico",earthquake,6.1,1.8,0.046,45,reviewed,us,us
2021-12-18T08:32:39.499Z,29.83,-113.7866,10,4.7,mb,,125,0.904,0.54,us,us6000gddc,2022-03-01T16:37:26.040Z,"106 km W of La Libertad, Mexico",earthquake,4.2,1.9,0.123,20,reviewed,us,us
2021-12-18T02:41:23.209Z,29.8652,-113.8879,10,4.5,mb,,218,1.434,1.31,us,us6000gdb9,2022-03-01T16:37:21.040Z,"115 km W of La Libertad, Mexico",earthquake,5.8,2,0.088,38,reviewed,us,us
2021-12-15T10:38:40.030Z,29.9111,-113.8006,10,4.8,mb,,139,1.443,0.87,us,us6000gcdj,2022-08-06T17:24:14.425Z,"107 km W of La Libertad, Mexico",earthquake,3.4,1.8,0.097,33,reviewed,us,us
2021-12-11T22:00:02.403Z,29.7774,-114.0326,10,4.5,mb,,143,0.926,1.28,us,us6000gbi1,2022-02-24T21:00:02.040Z,"130 km W of La Libertad, Mexico",earthquake,5.1,2,0.113,23,reviewed,us,us
2021-12-09T15:31:05.156Z,30.0752,-113.6182,10,4.6,mb,,149,1.432,0.9,us,us6000gav6,2022-02-12T23:07:15.040Z,"91 km W of La Libertad, Mexico",earthquake,6,1.6,0.069,68,reviewed,us,us
2021-12-06T17:30:46.951Z,29.8139,-113.9108,10,4.7,mb,,134,0.919,1.13,us,us6000g9hs,2022-02-12T23:06:15.040Z,"118 km W of La Libertad, Mexico",earthquake,5.2,1.9,0.085,42,reviewed,us,us
2021-12-05T17:37:22.043Z,30.0634,-113.7657,10,4.8,mb,,91,1.348,1.15,us,us6000g9b3,2022-02-12T23:06:05.040Z,"104 km W of La Libertad, Mexico",earthquake,5.5,1.6,0.053,111,reviewed,us,us
2021-12-05T01:26:56.982Z,29.8083,-113.9073,10,4.7,mb,,193,1.471,0.94,us,us6000g967,2022-02-12T23:05:57.040Z,"118 km W of La Libertad, Mexico",earthquake,8.1,2,0.059,90,reviewed,us,us
2021-12-04T07:58:32.808Z,29.8718,-113.8314,10,4.6,mb,,126,0.954,0.8,us,us6000g8yu,2022-02-12T23:05:48.040Z,"110 km W of La Libertad, Mexico",earthquake,4,2,0.136,16,reviewed,us,us
2021-11-29T20:00:12.019Z,29.8352,-113.8222,10,4.6,mb,,127,0.916,0.99,us,us6000g7q0,2022-02-05T23:03:26.040Z,"109 km W of La Libertad, Mexico",earthquake,4.4,1.9,0.101,29,reviewed,us,us
2021-11-29T19:23:53.086Z,29.7902,-113.864,10,4.6,mb,,132,0.883,1.27,us,us6000g7pp,2022-02-05T23:03:26.040Z,"114 km W of La Libertad, Mexico",earthquake,4.5,1.9,0.075,53,reviewed,us,us
2021-11-25T22:50:05.487Z,29.8928,-113.8858,10,4.6,mb,,129,0.987,0.85,us,us7000fx3w,2022-01-29T22:56:01.040Z,"115 km W of La Libertad, Mexico",earthquake,2.6,2,0.048,129,reviewed,us,us
2021-11-24T09:47:58.042Z,29.7906,-113.8533,10,4.6,mwr,,175,1.512,0.79,us,us7000fwny,2022-01-29T22:55:40.040Z,"113 km W of La Libertad, Mexico",earthquake,6.1,2,0.042,55,reviewed,us,us
2021-11-24T04:37:20.911Z,29.8294,-113.8625,10,4.7,mwr,,130,0.92,0.75,us,us7000fwmd,2022-01-29T22:55:37.040Z,"113 km W of La Libertad, Mexico",earthquake,4.1,1.9,0.04,60,reviewed,us,us
2021-11-19T04:26:28.440Z,30.0063,-113.8168,10,4.5,mb,,196,1.361,1.08,us,us7000fvcw,2022-01-29T22:54:57.040Z,"109 km W of La Libertad, Mexico",earthquake,5.2,2,0.097,34,reviewed,us,us
2021-11-05T20:18:11.908Z,29.7569,-113.6786,10,4.5,mb,,121,0.816,1.25,us,us7000fru2,2022-01-15T20:51:35.040Z,"96 km W of La Libertad, Mexico",earthquake,3.7,1.8,0.128,22,reviewed,us,us
2021-11-03T16:10:38.019Z,29.9133,-113.6708,10,4.5,mb,,110,1.514,1.13,us,us7000fr5l,2022-01-14T17:58:57.040Z,"94 km W of La Libertad, Mexico",earthquake,7.1,1.4,0.113,23,reviewed,us,us
2021-10-25T23:42:35.860Z,35.7758333,-121.3043333,7.79,4.65,mw,67,172,0.2092,0.07,nc,nc73644630,2022-01-08T17:42:33.040Z,"18km NW of San Simeon, CA",earthquake,0.28,1.25,,4,reviewed,nc,nc
2021-08-31T17:21:09.030Z,40.8826,-114.974,7.48,4.7,mww,,13,0.243,0.97,us,us7000f6a0,2021-11-06T20:28:37.040Z,"25 km S of Wells, Nevada",earthquake,2.4,3.4,0.048,41,reviewed,us,us
2021-07-18T06:46:12.650Z,40.3235,-124.4255,30.91,5.12,mw,35,234,0.07243,0.17,nc,nc73594531,2023-07-03T19:10:55.098Z,"12km W of Petrolia, CA",earthquake,0.86,0.49,,6,reviewed,nc,nc
2021-07-09T01:46:00.400Z,38.5086667,-119.5343333,3.71,4.55,mw,48,88,0.07555,0.1,nc,nc73585291,2021-09-17T22:48:30.040Z,"30km SE of Markleeville, CA",earthquake,0.17,0.38,,5,reviewed,nc,nc
2021-07-08T23:33:40.900Z,38.4796667,-119.5448333,1.58,4.63,mw,38,77,0.08722,0.08,nc,nc73585021,2021-09-10T20:06:58.040Z,"29km ENE of Dardanelle, CA",earthquake,0.12,0.53,,6,reviewed,nc,nc
2021-07-08T22:50:14.370Z,38.5126667,-119.5021667,7.4,5.03,ml,6,124,0.05088,0.07,nc,nc71123379,2022-06-16T17:50:42.187Z,"32km SE of Markleeville, CA",earthquake,0.42,0.56,0.086,3,reviewed,nc,nc
2021-07-08T22:49:48.110Z,38.5075,-119.4998333,7.45,6,mw,42,100,0.04846,0.06,nc,nc73584926,2023-10-18T17:44:37.561Z,"Antelope Valley, CA",earthquake,0.14,0.25,,0,reviewed,nc,nc
2021-06-05T17:55:58.820Z,33.14,-115.6348333,5.78,5.25,mw,84,33,0.04069,0.23,ci,ci39919392,2023-05-22T00:26:26.240Z,"11km W of Calipatria, CA",earthquake,0.17,0.41,,6,reviewed,ci,ci
2021-05-07T04:35:14.150Z,39.461,-120.3145,10.12,4.65,mw,19,50,0.03461,0.09,nc,nc73559265,2023-06-18T05:39:57.092Z,"19km NW of Truckee, CA",earthquake,0.24,0.54,,3,reviewed,nc,nc
2021-04-01T00:26:12.268Z,29.7511,-113.9179,11.06,4.8,mwr,,92,1.514,0.61,us,us6000dy35,2021-06-08T17:59:28.040Z,"119 km W of La Libertad, Mexico",earthquake,6.6,4.5,0.038,68,reviewed,us,us
2021-03-31T08:56:25.940Z,32.3903333,-115.2498333,19.22,4.75,mw,54,71,0.05499,0.32,ci,ci39596135,2021-06-08T17:59:22.040Z,"7km NW of Delta, B.C., MX",earthquake,0.46,0.94,,6,reviewed,ci,ci
2020-12-14T21:20:10.831Z,38.1554,-118.1231,5.2,4.7,ml,33,42.76,0.056,0.1432,nn,nn00792158,2022-06-16T17:57:12.563Z,"26 km S of Mina, Nevada",earthquake,,1.8,0.51,12,reviewed,nn,nn
2020-12-12T07:50:52.930Z,38.1497,-118.1008,6.4,4.9,ml,30,43.01,0.04,0.1745,nn,nn00791435,2021-02-20T16:11:27.040Z,"26 km S of Mina, Nevada",earthquake,,1.1,0.2,13,reviewed,nn,nn
2020-12-03T05:15:29.993Z,38.175,-118.0654,5,4.9,ml,30,41.69,0.018,0.1367,nn,nn00788443,2021-02-12T22:38:31.040Z,"24 km S of Mina, Nevada",earthquake,,0.8,0.25,13,reviewed,nn,nn
2020-12-01T23:32:56.573Z,38.1637,-118.0837,5,5.1,ml,21,42.28,0.025,0.1986,nn,nn00787105,2021-02-06T18:29:35.040Z,"25 km S of Mina, Nevada",earthquake,,2.5,0.25,11,reviewed,nn,nn
2020-11-13T09:13:51.862Z,38.1693,-117.8533,4.8,5.3,ml,34,38.45,0.016,0.1165,nn,nn00782942,2021-04-27T07:04:53.937Z,"33 km SE of Mina, Nevada",earthquake,,0.6,0.23,13,reviewed,nn,nn
2020-10-01T00:31:27.280Z,33.0546667,-115.5906667,14.19,4.93,mw,92,46,0.01794,0.28,ci,ci39641528,2022-06-16T17:49:58.341Z,"4km NE of Westmorland, CA",earthquake,0.2,0.44,,7,reviewed,ci,ci
2020-09-19T06:38:46.930Z,34.038,-118.08,16.87,4.54,mw,236,16,0.01273,0.25,ci,ci38695658,2023-08-21T02:25:45.966Z,"3km WSW of South El Monte, CA",earthquake,0.11,0.22,,6,reviewed,ci,ci
2020-08-19T17:32:11.070Z,36.4786667,-117.5141667,-0.57,4.72,mw,53,48,0.2161,0.17,ci,ci39584648,2020-10-31T19:06:08.040Z,"36km WSW of Stovepipe Wells, CA",earthquake,0.15,0.45,,6,reviewed,ci,ci
2020-08-17T15:31:39.571Z,31.4138,-115.7552,10,4.5,mb,,229,0.611,0.47,us,us6000bg04,2020-10-24T20:08:59.040Z,"47 km ENE of San Vicente, Mexico",earthquake,2.7,1.8,0.27,5,reviewed,us,us
2020-08-17T15:30:33.530Z,31.5366667,-115.6613333,16.22,5.12,mw,42,231,0.5267,0.34,ci,ci39347679,2022-06-16T17:48:57.262Z,"88km ESE of Maneadero, B.C., MX",earthquake,0.72,0.81,,6,reviewed,ci,ci
2020-08-10T15:56:14.330Z,33.2468333,-115.69,2.07,4.59,mw,86,40,0.08504,0.29,ci,ci39338407,2020-10-21T22:04:04.040Z,"12km SSE of Bombay Beach, CA",earthquake,0.21,31.61,,7,reviewed,ci,ci
2020-07-06T06:12:54.847Z,38.1856,-117.8907,5.6,4.5,ml,30,48.55,0.028,0.157,nn,nn00757297,2020-09-11T22:14:19.040Z,"29 km SE of Mina, Nevada",earthquake,,0.7,0.33,10,reviewed,nn,nn
2020-06-30T09:24:23.549Z,38.1539,-117.9583,8.3,5,ml,28,44.32,0.015,0.2511,nn,nn00755218,2020-09-05T17:35:36.040Z,"29 km SSE of Mina, Nevada",earthquake,,0.9,0.28,7,reviewed,nn,nn
2020-06-25T05:20:59.627Z,44.3989,-115.1814,7.54,4.6,mwr,,75,0.34,0.64,us,us7000aanf,2020-10-08T17:26:42.977Z,"27 km NW of Stanley, Idaho",earthquake,2.6,4.7,0.028,119,reviewed,us,us
2020-06-24T17:59:19.960Z,36.456,-117.9311667,9.62,4.59,mw,44,62,0.1212,0.19,ci,ci39494008,2020-09-05T17:35:16.040Z,"19km SE of Lone Pine, CA",earthquake,0.2,0.44,,6,reviewed,ci,ci
2020-06-24T17:40:49.240Z,36.4468333,-117.9751667,4.66,5.8,mw,48,67,0.08494,0.19,ci,ci39493944,2022-06-10T06:43:47.206Z,"18km SSE of Lone Pine, CA",earthquake,0.18,0.66,,6,reviewed,ci,ci
2020-06-23T00:25:46.390Z,36.4466667,-117.984,2.26,4.65,mw,51,74,0.07783,0.22,ci,ci39490952,2021-02-13T00:11:34.391Z,"17km SSE of Lone Pine, CA",earthquake,0.19,0.83,,6,reviewed,ci,ci
2020-06-19T20:42:21.454Z,38.1698,-117.8345,6.5,4.9,ml,21,50.72,0.03,0.1765,nn,nn00750312,2020-08-30T00:00:52.040Z,"34 km SE of Mina, Nevada",earthquake,,0.9,0.22,13,reviewed,nn,nn
2020-06-08T03:24:05.884Z,38.2059,-117.7912,5.2,4.8,ml,32,32.66,0.041,0.174,nn,nn00744961,2020-08-18T17:59:04.040Z,"34 km SE of Mina, Nevada",earthquake,,1.1,0.46,9,reviewed,nn,nn
2020-06-04T01:32:11.140Z,35.6148333,-117.4281667,8.44,5.51,mw,85,45,0.0396,0.21,ci,ci39462536,2022-03-10T05:19:58.179Z,"17km S of Searles Valley, CA",earthquake,0.15,0.45,,6,reviewed,ci,ci
2020-05-22T00:22:00.588Z,38.2309,-117.7939,7.2,5.1,ml,31,47.16,0.092,0.1378,nn,nn00730721,2020-08-08T18:17:48.040Z,"32 km ESE of Mina, Nevada",earthquake,,1.4,0.44,11,reviewed,nn,nn
2020-05-20T12:36:53.447Z,38.2012,-117.7453,11.7,5,ml,20,49.32,0.128,0.1674,nn,nn00729332,2020-08-09T10:22:23.139Z,"38 km ESE of Mina, Nevada",earthquake,,1.3,0.1,4,reviewed,nn,nn
2020-05-19T22:12:45.639Z,38.1755,-117.8535,8.1,4.6,ml,23,47.6,0.091,0.1864,nn,nn00728819,2021-02-10T16:52:07.942Z,"32 km SE of Mina, Nevada",earthquake,,1.7,0.38,10,reviewed,nn,nn
2020-05-17T21:17:02.474Z,38.1749,-117.8028,10.4,4.7,ml,24,46.81,0.056,0.1201,nn,nn00727561,2021-02-10T16:19:28.315Z,"35 km SE of Mina, Nevada",earthquake,,0.8,0.14,7,reviewed,nn,nn
2020-05-17T11:53:53.336Z,38.15,-117.9553,9.6,4.5,ml,26,51.9,0.012,0.2003,nn,nn00727244,2021-02-10T18:37:20.105Z,"29 km SSE of Mina, Nevada",earthquake,,0.8,0.5,9,reviewed,nn,nn
2020-05-16T11:50:54.310Z,38.2118,-117.7347,16.8,4.6,ml,18,49.8,0.397,0.1743,nn,nn00726353,2021-02-10T17:41:27.152Z,"38 km ESE of Mina, Nevada",earthquake,,0.8,0.26,4,reviewed,nn,nn
2020-05-16T04:12:21.434Z,38.1313,-117.9756,5,4.6,ml,28,43.49,0.333,0.263,nn,nn00726009,2020-08-02T00:30:33.040Z,"31 km SSE of Mina, Nevada",earthquake,,1.4,0.46,10,reviewed,nn,nn
2020-05-15T17:50:16.941Z,38.173,-117.8295,5.8,4.7,ml,15,48.44,0.365,0.1766,nn,nn00725546,2021-04-23T20:19:13.254Z,"34 km SE of Mina, Nevada",earthquake,,3.5,0.28,7,reviewed,nn,nn
2020-05-15T15:23:24.676Z,38.1667,-117.8006,7.6,4.8,ml,14,46.65,0.385,0.1628,nn,nn00725454,2020-08-02T00:31:20.040Z,"36 km SE of Mina, Nevada",earthquake,,4.3,0.32,6,reviewed,nn,nn
2020-05-15T12:00:41.572Z,38.1667,-117.8104,6.3,4.5,ml,17,47.15,0.38,0.1735,nn,nn00725312,2020-08-02T00:31:39.040Z,"36 km SE of Mina, Nevada",earthquake,,2.8,0.33,9,reviewed,nn,nn
2020-05-15T11:52:07.184Z,38.1469,-117.9831,5.8,4.8,ml,17,43.51,0.316,0.1775,nn,nn00725306,2020-08-02T00:31:40.040Z,"29 km SSE of Mina, Nevada",earthquake,,2,0.4,8,reviewed,nn,nn
2020-05-15T11:26:01.747Z,38.1811,-117.8711,6.8,5.1,ml,18,49,0.337,0.2335,nn,nn00725291,2020-08-02T00:31:42.040Z,"31 km SE of Mina, Nevada",earthquake,,8.6,0.42,10,reviewed,nn,nn
2020-05-15T11:18:12.392Z,38.1596,-117.9598,3.8,4.9,ml,14,47.97,0.314,0.178,nn,nn00725284,2020-08-02T00:31:44.040Z,"28 km SSE of Mina, Nevada",earthquake,,4.3,0.43,6,reviewed,nn,nn
2020-05-15T11:03:27.176Z,38.1689,-117.8497,2.7,6.5,ml,27,55.79,0.357,0.2669,nn,nn00725272,2023-08-25T20:46:08.292Z,"Monte Cristo Range, NV Earthquake",earthquake,,2.1,,,reviewed,nn,nn
2020-05-10T22:07:40.370Z,33.0183333,-116.0201667,10.16,4.54,mw,141,21,0.138,0.27,ci,ci38488354,2020-12-05T14:57:36.984Z,"17km SE of Ocotillo Wells, CA",earthquake,0.14,0.48,,6,reviewed,ci,ci
2020-04-11T16:22:50.940Z,38.0421667,-118.758,8.94,4.57,mw,62,89,0.2888,0.1,nc,nc73367575,2021-03-05T23:34:53.941Z,"29km SE of Bodie, CA",earthquake,0.19,1.08,,4,reviewed,nc,nc
2020-04-11T14:36:37.040Z,38.0525,-118.7333333,8.45,5.24,mw,46,97,0.268,0.06,nc,nc73367270,2022-03-28T03:36:16.858Z,"30km SE of Bodie, CA",earthquake,0.21,1.15,,4,reviewed,nc,nc
2020-04-04T01:53:18.920Z,33.4895,-116.5063333,10.45,4.87,mw,175,23,0.07088,0.22,ci,ci39126079,2023-09-24T15:07:52.885Z,"17km ESE of Anza, CA",earthquake,0.1,0.27,,6,reviewed,ci,ci
2020-04-01T00:27:41.034Z,44.3232,-115.1673,10,4.8,mww,,39,0.935,0.81,us,us70008js1,2023-10-10T22:15:53.751Z,"21 km WNW of Stanley, Idaho",earthquake,2.9,1.8,0.11,8,reviewed,us,us
2020-03-31T23:52:30.781Z,44.4646,-115.1175,12.06,6.5,mww,,31,0.885,0.66,us,us70008jr5,2023-08-01T04:25:46.394Z,"Stanley, Idaho",earthquake,8.5,3.8,0.021,212,reviewed,us,us
2020-03-22T16:27:38.070Z,40.4251667,-124.827,12.4,4.78,mw,117,227,0.3769,0.16,nc,nc73357410,2020-06-06T20:54:06.040Z,"47km WNW of Petrolia, CA",earthquake,0.36,0.49,,7,reviewed,nc,nc
2020-03-21T01:33:35.369Z,39.1112,-119.7361,8.4,4.5,ml,31,28.07,0.029,0.1334,nn,nn00719663,2021-08-19T14:27:00.405Z,"5 km NE of Indian Hills, Nevada",earthquake,,1.2,0.38,5,reviewed,nn,nn
2020-03-18T22:08:20.920Z,40.3475,-124.4561667,28.61,5.21,mw,34,248,0.105,0.16,nc,nc73355700,2023-01-01T19:02:31.265Z,"15km W of Petrolia, CA",earthquake,0.78,0.55,,5,reviewed,nc,nc
2020-03-18T19:12:23.610Z,40.751,-112.059,10.65,4.57,mw,39,47,0.02976,0.21,uu,uu60364832,2023-04-25T22:31:43.666Z,"5 km NE of Magna, Utah",earthquake,0.32,0.53,,12,reviewed,uu,uu
2020-03-18T14:02:12.830Z,40.7605,-112.0693333,9.07,4.59,mw,21,58,0.03587,0.19,uu,uu60363822,2020-06-06T20:53:47.040Z,"6 km NNE of Magna, Utah",earthquake,0.39,0.8,,17,reviewed,uu,uu
2020-03-18T13:09:31.530Z,40.751,-112.0783333,11.9,5.7,mw,54,50,0.04022,0.2,uu,uu60363602,2023-09-25T20:41:33.129Z,"5 km NNE of Magna, Utah",earthquake,0.3,0.39,,0,reviewed,uu,uu
2020-03-09T06:32:59.890Z,40.3648333,-125.1431667,7.2,4.94,mw,16,321,0.6168,0.19,nc,nc73351825,2020-05-23T22:03:20.040Z,"73km W of Petrolia, CA",earthquake,1.54,1.86,,4,reviewed,nc,nc
2020-03-09T02:59:08.860Z,40.3916667,-125.0936667,3.19,5.77,mw,40,277,0.5832,0.29,nc,nc73351710,2022-02-22T07:43:40.628Z,"69km W of Petrolia, CA",earthquake,0.99,1.38,,4,reviewed,nc,nc
2020-03-07T03:52:03.180Z,31.6893333,-114.5405,9.98,5.49,mw,13,106,0.3208,0.35,ci,ci38385946,2020-12-29T17:53:39.882Z,"71km SE of Estacion Coahuila, B.C., MX",earthquake,0.78,31.61,,6,reviewed,ci,ci
2020-01-25T03:03:34.920Z,35.0975,-116.9696667,3.07,4.62,mw,46,33,0.2228,0.14,ci,ci39281440,2023-08-21T02:24:42.425Z,"23km NNE of Barstow, CA",earthquake,0.14,0.66,,6,reviewed,ci,ci
2019-12-12T12:25:34.101Z,30.7213,-114.3417,10,4.6,mb,,139,1.019,1.22,us,us60006qim,2020-03-04T21:26:56.040Z,"58 km SE of San Felipe, Mexico",earthquake,3.9,1.9,0.111,24,reviewed,us,us
2019-11-30T01:45:12.620Z,42.776,-124.476666666667,16.65,4.53,ml,15,142,,0.25,uw,uw61562126,2020-02-19T18:58:22.040Z,"3 km NNE of Port Orford, Oregon",earthquake,0.4,0.79,0.124880414425303,10,reviewed,uw,uw
2019-10-15T19:42:30.540Z,36.6455,-121.274,10.1,4.71,mw,89,54,0.04759,0.14,nc,nc73292360,2022-03-17T21:17:41.666Z,"17km SSE of Tres Pinos, CA",earthquake,0.15,0.31,,4,reviewed,nc,nc
2019-09-10T04:25:55.631Z,39.5419,-116.5599,9.1,4.6,ml,53,67.17,0.857,0.2275,nn,nn00703188,2019-12-05T18:30:53.040Z,"44 km E of Austin, Nevada",earthquake,,2.2,0.27,23,reviewed,nn,nn
2019-08-22T20:49:50.180Z,35.9076667,-117.709,4.93,4.89,mw,78,20,0.007928,0.2,ci,ci38996632,2021-10-07T19:18:11.160Z,"18km E of Little Lake, CA",earthquake,0.12,0.28,,6,reviewed,ci,ci
2019-07-26T00:42:47.770Z,35.9258333,-117.7066667,3.79,4.74,mw,79,23,0.05071,0.16,ci,ci38644943,2021-10-05T21:47:07.220Z,"18km E of Little Lake, CA",earthquake,0.1,0.28,,6,reviewed,ci,ci
2019-07-18T03:59:14.720Z,36.113,-117.8875,1.56,4.64,mw,78,54,0.02682,0.18,ci,ci38593535,2021-10-06T19:26:39.990Z,"9km NE of Coso Junction, CA",earthquake,0.12,0.26,,6,reviewed,ci,ci
2019-07-12T13:11:37.990Z,35.6368333,-117.5861667,9.48,4.9,mw,103,16,0.02027,0.16,ci,ci38548295,2021-08-16T20:18:35.990Z,"8km ENE of Ridgecrest, CA",earthquake,0.09,0.18,,6,reviewed,ci,ci
2019-07-11T00:14:37.320Z,36.1766667,-117.884,0.93,4.52,mw,71,51,0.06351,0.17,ci,ci38525207,2021-12-08T21:44:21.960Z,"16km NNE of Coso Junction, CA",earthquake,0.11,0.22,,6,reviewed,ci,ci
2019-07-07T05:38:15.480Z,35.7683333,-117.5781667,10.45,4.53,mw,77,44,0.04985,0.16,ci,ci38472279,2021-11-09T22:57:42.940Z,"16km W of Searles Valley, CA",earthquake,0.12,0.26,,6,reviewed,ci,ci
2019-07-06T23:50:41.990Z,35.8235,-117.663,6.51,4.5,mw,69,28,0.05379,0.14,ci,ci38469375,2019-09-26T14:30:48.040Z,"23km N of Ridgecrest, CA",earthquake,0.11,0.3,,6,reviewed,ci,ci
2019-07-06T13:06:55.260Z,35.9283333,-117.705,2.37,4.5,mw,64,34,0.04844,0.16,ci,ci38463551,2019-09-26T14:30:42.040Z,"18km E of Little Lake, CA",earthquake,0.12,0.21,,6,reviewed,ci,ci
2019-07-06T09:28:28.980Z,35.898,-117.7271667,3.95,4.89,mw,67,37,0.0896,0.16,ci,ci38460967,2019-09-26T14:30:38.040Z,"17km ESE of Little Lake, CA",earthquake,0.13,0.38,,6,reviewed,ci,ci
2019-07-06T08:32:57.550Z,35.639,-117.4913333,3.14,4.56,mw,83,24,0.05751,0.15,ci,ci38460311,2019-09-26T14:30:37.040Z,"16km SSW of Searles Valley, CA",earthquake,0.11,0.27,,6,reviewed,ci,ci
2019-07-06T06:01:51.800Z,35.911,-117.7385,4.99,4.63,mw,67,36,0.07482,0.14,ci,ci38458679,2019-11-15T18:54:44.787Z,"15km E of Little Lake, CA",earthquake,0.09,0.4,,4,reviewed,ci,ci
2019-07-06T04:36:55.310Z,35.9,-117.7376667,1.9,4.85,mw,62,35,0.08153,0.17,ci,ci38457967,2020-03-05T21:00:31.509Z,"16km ESE of Little Lake, CA",earthquake,0.13,0.21,,5,reviewed,ci,ci
2019-07-06T04:18:55.790Z,35.9101667,-117.6848333,7.41,5.44,mw,66,37,0.07213,0.17,ci,ci38457847,2021-12-10T23:08:47.080Z,"20km E of Little Lake, CA",earthquake,0.12,0.36,,6,reviewed,ci,ci
2019-07-06T04:13:07.080Z,35.5846667,-117.6145,9.73,4.8,mlr,62,32,0.1185,0.18,ci,ci38457815,2019-11-15T18:23:14.307Z,"7km SE of Ridgecrest, CA",earthquake,0.13,0.36,0.165,229,reviewed,ci,ci
2019-07-06T04:07:04.570Z,35.5551667,-117.5215,5.5,4.68,mlr,90,24,0.05757,0.23,ci,ci38457775,2020-03-02T22:19:38.728Z,"16km ESE of Ridgecrest, CA",earthquake,0.13,0.51,0.219,249,reviewed,ci,ci
2019-07-06T03:50:59.710Z,35.9035,-117.7001667,8.26,4.97,mlr,43,38,0.05997,0.17,ci,ci38457703,2019-11-15T18:09:02.473Z,"19km E of Little Lake, CA",earthquake,0.16,0.41,0.184,246,reviewed,ci,ci
2019-07-06T03:47:53.420Z,35.9011667,-117.7495,5.04,5.5,mw,49,33,0.07334,0.16,ci,ci38457687,2020-07-09T21:44:24.632Z,"15km ESE of Little Lake, CA",earthquake,0.13,0.5,,4,reviewed,ci,ci
2019-07-06T03:29:32.080Z,35.9028333,-117.7115,3.18,4.51,mlr,27,42,0.06696,0.15,ci,ci38457583,2019-11-15T17:37:47.310Z,"18km ESE of Little Lake, CA",earthquake,0.2,0.6,0.191,15,reviewed,ci,ci
2019-07-06T03:27:11.370Z,35.5303333,-117.4313333,3.83,4.57,mlr,7,119,0.05475,0.1,ci,ci37219564,2019-09-06T17:32:11.137Z,"24km ESE of Ridgecrest, CA",earthquake,0.31,0.41,0.05,2,reviewed,ci,ci
2019-07-06T03:27:07.010Z,35.9138333,-117.7258333,8,4.5,mlr,27,56,0.07004,0.18,ci,ci37219180,2019-09-26T14:30:30.040Z,"16km E of Little Lake, CA",earthquake,0.27,0.56,0.181,20,reviewed,ci,ci
2019-07-06T03:25:27.970Z,35.8606667,-117.6708333,10.32,4.61,mlr,37,43,0.07456,0.2,ci,ci37219172,2019-09-26T14:30:25.040Z,"23km ESE of Little Lake, CA",earthquake,0.22,0.39,0.126,30,reviewed,ci,ci
2019-07-06T03:23:50.720Z,35.8031667,-117.6178333,11.44,4.84,mlr,39,54,0.02074,0.23,ci,ci37219164,2019-11-15T17:26:02.971Z,"20km WNW of Searles Valley, CA",earthquake,0.26,0.53,0.174,52,reviewed,ci,ci
2019-07-06T03:23:19.870Z,35.861,-117.6778333,6.82,4.52,mlr,13,85,0.07937,0.24,ci,ci37219468,2019-08-08T22:10:14.040Z,"22km ESE of Little Lake, CA",earthquake,0.47,1.03,0.143,6,reviewed,ci,ci
2019-07-06T03:22:48.300Z,35.891,-117.7365,9.1,4.64,mlr,29,34,0.08543,0.16,ci,ci37219156,2019-11-15T17:17:41.338Z,"16km ESE of Little Lake, CA",earthquake,0.2,0.43,0.12,21,reviewed,ci,ci
2019-07-06T03:22:35.630Z,35.6166667,-117.4301667,9.35,4.73,mlr,7,180,0.03984,0.14,ci,ci37219500,2021-02-19T19:17:42.104Z,"17km S of Searles Valley, CA",earthquake,0.66,0.69,0.035,3,reviewed,ci,ci
2019-07-06T03:22:17.100Z,35.748,-117.5456667,3.9,4.55,mlr,22,70,0.07966,0.2,ci,ci37219484,2019-08-08T22:07:42.040Z,"13km W of Searles Valley, CA",earthquake,0.28,0.72,0.199,14,reviewed,ci,ci
2019-07-06T03:22:03.570Z,35.9216667,-117.729,8.17,4.64,mlr,21,52,0.06897,0.15,ci,ci38457519,2019-11-15T17:23:05.605Z,"16km E of Little Lake, CA",earthquake,0.25,0.54,0.148,13,reviewed,ci,ci
2019-07-06T03:20:41.140Z,35.9496667,-117.7376667,9.28,4.81,mlr,13,93,0.06493,0.09,ci,ci37222196,2019-08-15T20:09:34.004Z,"15km E of Little Lake, CA",earthquake,0.23,0.45,0.162,11,reviewed,ci,ci
2019-07-06T03:19:53.040Z,35.7695,-117.5993333,8,7.1,mw,77,43,0.04616,0.22,ci,ci38457511,2023-10-19T00:07:53.788Z,"18km W of Searles Valley, CA",earthquake,0.19,31.61,0.028,126,reviewed,ci,ci
2019-07-06T03:16:32.480Z,35.7253333,-117.5535,0.88,4.97,mw,83,35,0.09705,0.19,ci,ci38457487,2020-04-05T23:26:37.030Z,"14km WSW of Searles Valley, CA",earthquake,0.13,0.31,,6,reviewed,ci,ci
2019-07-05T11:07:53.040Z,35.7603333,-117.575,6.95,5.37,mw,79,43,0.05824,0.2,ci,ci38450263,2020-07-14T17:30:09.310Z,"16km W of Searles Valley, CA",earthquake,0.13,0.36,,6,reviewed,ci,ci
2019-07-04T19:21:32.090Z,35.6715,-117.4788333,5.16,4.5,mw,79,24,0.08589,0.16,ci,ci38443871,2019-09-26T14:30:12.040Z,"13km SSW of Searles Valley, CA",earthquake,0.12,0.39,,4,reviewed,ci,ci
2019-07-04T18:56:06.420Z,35.716,-117.56,1.92,4.58,mw,82,36,0.1041,0.17,ci,ci38443719,2020-05-21T01:06:05.310Z,"15km NE of Ridgecrest, CA",earthquake,0.09,0.21,,6,reviewed,ci,ci
2019-07-04T18:39:44.440Z,35.6013333,-117.597,2.81,4.59,mw,48,39,0.1109,0.14,ci,ci38443607,2020-05-21T01:04:23.535Z,"7km ESE of Ridgecrest, CA",earthquake,0.13,0.43,,4,reviewed,ci,ci
2019-07-04T17:33:49.000Z,35.7053333,-117.5038333,10.5,6.4,mw,62,47,0.1233,0.16,ci,ci38443183,2023-06-04T20:10:32.276Z,"Ridgecrest Earthquake Sequence",earthquake,0.15,0.36,,6,reviewed,ci,ci
2019-06-23T03:53:02.890Z,40.2735,-124.3003333,9.44,5.58,mw,34,159,0.03116,0.17,nc,nc73201181,2021-12-20T21:29:47.348Z,"6km SSW of Petrolia, CA",earthquake,0.34,0.21,,6,reviewed,nc,nc
2019-04-20T14:41:49.179Z,31.3428,-115.6838,10,4.5,mww,,184,0.697,0.65,us,us700039mz,2019-06-26T20:55:01.040Z,"53 km E of San Vicente, Mexico",earthquake,2.4,2,0.069,20,reviewed,us,us
2019-04-09T18:08:46.055Z,44.6972,-112.5078,14.45,4.6,mww,,41,0.131,0.43,us,us600032fs,2021-02-19T21:14:24.568Z,"9 km NE of Lima, Montana",earthquake,1.2,6.1,0.086,13,reviewed,us,us
2019-04-06T21:01:41.937Z,30.8278,-114.0297,10,5.2,mww,,131,0.736,0.64,us,us2000kbgw,2019-06-18T15:50:37.040Z,"71 km SW of Puerto Peñasco, Mexico",earthquake,2.5,1.8,0.039,62,reviewed,us,us
2019-01-17T12:56:37.110Z,29.6356,-114.1301,10,5.3,mww,,172,1.53,1.18,us,us2000j517,2019-04-05T21:40:59.040Z,"138 km NNW of San Luis, Mexico",earthquake,4.7,1.9,0.035,78,reviewed,us,us
2018-11-19T20:18:42.510Z,32.2065,-115.2535,10.95,4.82,mw,29,149,0.2168,0.38,ci,ci38138175,2019-02-02T20:02:26.040Z,"8km WSW of Alberto Oviedo Mota, B.C., MX",earthquake,0.79,31.61,,6,reviewed,ci,ci
2018-07-28T02:33:49.530Z,31.3986,-114.3941,10,4.8,mww,,76,0.531,1.1,us,us2000gft1,2022-08-08T06:35:20.440Z,"33 km SSE of Golfo de Santa Clara, Mexico",earthquake,5.4,1.9,0.055,32,reviewed,us,us
2018-07-25T05:06:06.740Z,40.3851667,-125.0523333,10.59,4.53,mw,46,243,0.5531,0.13,nc,nc73055086,2018-10-09T16:43:29.040Z,"65km W of Petrolia, CA",earthquake,0.96,2.35,,6,reviewed,nc,nc
2018-07-05T15:17:36.947Z,35.8945,-115.7758,8.6,4.5,ml,59,40.27,0.303,0.2678,nn,nn00642964,2019-07-05T14:26:17.112Z,"15 km WNW of Sandy Valley, Nevada",earthquake,,1.3,0.33,17,reviewed,nn,nn
2018-04-05T19:29:16.220Z,33.8198333,-119.734,9.82,5.29,mw,88,132,0.1935,0.27,ci,ci37908735,2022-09-08T17:02:07.740Z,"31km SW of Santa Cruz Is. (E end), CA",earthquake,0.32,31.61,,6,reviewed,ci,ci
2018-03-23T03:09:39.100Z,40.4278333,-124.5108333,25.19,4.66,mw,31,247,0.1406,0.15,nc,nc72988926,2018-06-19T01:35:48.040Z,"22km WNW of Petrolia, CA",earthquake,0.49,0.5,,4,reviewed,nc,nc
2018-03-19T23:36:41.520Z,31.0935,-114.275,10,4.8,mwr,,111,0.497,0.84,us,us1000d760,2022-08-08T01:42:39.221Z,"54 km E of San Felipe, Mexico",earthquake,4.6,1.9,0.037,72,reviewed,us,us
2018-01-21T17:04:12.580Z,30.2302,-114.2468,10,4.5,mb,,197,0.958,1.25,us,us2000cm5c,2022-08-07T23:20:36.403Z,"104 km SSE of San Felipe, Mexico",earthquake,7,1.9,0.058,89,reviewed,us,us
2017-11-13T19:31:29.050Z,36.6305,-121.2443333,6.31,4.58,mw,82,55,0.05988,0.11,nc,nc72923380,2021-07-09T19:36:22.069Z,"18 km SSE of Tres Pinos, California",earthquake,0.12,0.36,,6,reviewed,nc,nc
2017-09-11T13:26:35.640Z,42.547,-111.4397,8.42,4.7,mww,,51,0.039,0.37,us,us2000ak17,2017-12-13T02:29:38.040Z,"9 km NW of Georgetown, Idaho",earthquake,2.1,5.5,0.053,34,reviewed,us,us
2017-09-10T11:12:39.050Z,42.6074,-111.4701,4.56,4.7,mww,,30,0.025,0.47,us,us2000ajbt,2017-12-13T02:29:34.040Z,"12 km ESE of Soda Springs, Idaho",earthquake,1,2.6,0.059,28,reviewed,us,us
2017-09-10T09:47:10.570Z,42.5629,-111.4155,9.83,5,mww,,24,0.034,0.75,us,us2000aj9i,2022-08-07T17:01:21.950Z,"9 km NNW of Georgetown, Idaho",earthquake,1.5,5,0.047,44,reviewed,us,us
2017-09-06T04:37:44.500Z,42.572,-111.4444,10,4.6,mww,,44,0.319,1.01,us,us2000agiz,2017-12-07T20:00:15.040Z,"11 km NNW of Georgetown, Idaho",earthquake,3.2,2,0.068,21,reviewed,us,us
2017-09-04T06:17:09.000Z,42.6213,-111.4516,5.71,4.5,mwr,,125,0.296,0.35,us,us2000afeu,2017-12-07T20:00:09.040Z,"13 km ESE of Soda Springs, Idaho",earthquake,1.7,1,0.037,69,reviewed,us,us
2017-09-03T17:41:39.590Z,42.6381,-111.474,7.69,4.7,mww,,136,0.303,0.56,us,us2000af79,2018-01-26T03:54:27.968Z,"10 km E of Soda Springs, Idaho",earthquake,1.5,4.2,0.06,27,reviewed,us,us
2017-09-03T16:49:17.380Z,42.6137,-111.4287,10,4.7,mww,,54,0.285,0.48,us,us2000af5z,2017-12-07T20:00:08.040Z,"15 km ESE of Soda Springs, Idaho",earthquake,1.8,1.9,0.058,29,reviewed,us,us
2017-09-02T23:56:52.630Z,42.6474,-111.4492,9.52,5.3,mww,,29,0.282,0.6,us,us2000aekg,2022-05-03T19:53:08.038Z,"12 km E of Soda Springs, Idaho",earthquake,2.1,3.1,0.038,68,reviewed,us,us
2016-12-28T09:13:47.243Z,38.3777,-118.8957,8.8,5.5,ml,33,48.58,0.129,0.2187,nn,nn00570744,2023-02-06T19:24:50.549Z,"28 km SW of Hawthorne, Nevada",earthquake,,2,0.26,18,reviewed,nn,nn
2016-12-28T08:22:12.208Z,38.3904,-118.8972,12.2,5.6,ml,43,42.44,0.123,0.1913,nn,nn00570710,2022-05-03T18:07:18.115Z,"28 km WSW of Hawthorne, Nevada",earthquake,,1.2,0.32,18,reviewed,nn,nn
2016-12-28T08:18:00.613Z,38.3755,-118.8989,11.3,5.6,ml,37,35.89,0.133,0.1599,nn,nn00570709,2022-05-03T18:07:32.651Z,"29 km SW of Hawthorne, Nevada",earthquake,,1,0.35,20,reviewed,nn,nn
2016-12-14T16:41:05.530Z,38.8221667,-122.8413333,1.48,5.01,mw,85,26,0.01351,0.06,nc,nc72737985,2022-05-03T18:04:44.943Z,"10 km W of Cobb, California",earthquake,0.08,0.1,,6,reviewed,nc,nc
2016-08-27T20:47:47.240Z,43.2226,-110.3593,12.3,4.8,mwr,,7,0.373,1.14,us,us20006umx,2022-05-03T17:57:53.444Z,"4 km ENE of Bondurant, Wyoming",earthquake,4.1,3.7,0.035,78,reviewed,us,us
2016-08-15T17:06:21.810Z,30.6368,-114.3145,10,4.5,mb,,151,0.61,0.97,us,us10006dxr,2016-11-15T02:21:50.040Z,"66 km SE of San Felipe, Mexico",earthquake,6.8,1.9,0.043,156,reviewed,us,us
2016-08-10T02:57:17.510Z,39.3293333,-122.8018333,14.45,5.09,mw,120,32,0.155,0.15,nc,nc72672610,2023-06-18T05:23:03.807Z,"20 km NNE of Upper Lake, California",earthquake,0.12,0.21,,6,reviewed,nc,nc
2016-07-21T23:09:05.780Z,40.7243333,-123.8918333,26.24,4.81,mw,49,39,0.14,0.17,nc,nc72664436,2019-02-21T21:54:18.846Z,"19km SSE of Blue Lake, CA",earthquake,0.26,0.81,,6,reviewed,nc,nc
2016-07-07T23:40:45.777Z,38.6516,-118.7943,9.1,4.5,ml,28,50.51,0.196,0.1551,nn,nn00550904,2018-07-02T17:58:20.550Z,"3 km W of Walker Lake, Nevada",earthquake,,1.2,0.34,14,reviewed,nn,nn
2016-06-10T08:04:38.700Z,33.4315,-116.4426667,12.31,5.19,mw,143,18,0.09275,0.23,ci,ci37374687,2022-10-18T03:23:41.007Z,"20km NNW of Borrego Springs, CA",earthquake,0.13,0.34,,6,reviewed,ci,ci
2016-03-28T00:12:54.690Z,30.2073,-114.3078,10,5.5,mww,,107,0.95,0.94,us,us20005ct5,2022-05-03T17:43:27.750Z,"103 km SSE of San Felipe, Mexico",earthquake,4.5,1.8,,,reviewed,us,us
2016-03-28T00:03:41.190Z,30.2219,-114.2783,10,5.1,mww,,89,0.951,0.97,us,us20005csz,2022-05-03T17:43:26.435Z,"103 km SSE of San Felipe, Mexico",earthquake,4.8,1.8,,,reviewed,us,us
2016-02-24T00:02:23.630Z,35.5423333,-119.3728333,22.14,4.87,mw,84,37,0.295,0.29,ci,ci37528064,2022-04-27T00:50:53.226Z,"6km SSW of Wasco, CA",earthquake,0.24,0.65,,6,reviewed,ci,ci
2016-02-16T23:04:26.910Z,37.2023333,-118.4035,15.06,4.77,mw,52,104,0.118,0.07,nc,nc72592670,2022-08-07T09:43:50.188Z,"8 km S of Wilkerson, California",earthquake,0.27,0.63,,6,reviewed,nc,nc
2015-09-14T13:55:48.087Z,41.8594,-119.6271,9.7,4.7,ml,10,98.44,0.157,0.2669,nn,nn00510518,2020-05-21T01:39:22.642Z,"43 km E of Fort Bidwell, California",earthquake,,4.3,0.4,6,reviewed,nn,nn
2015-07-27T01:05:33.610Z,41.8875,-119.6226,10.7,4.5,ml,7,104.43,0.144,0.1857,nn,nn00503760,2020-05-12T04:28:13.326Z,"43 km E of Fort Bidwell, California",earthquake,,2.4,0.33,6,reviewed,nn,nn
2015-07-16T01:52:11.994Z,41.8986,-119.6367,10.1,4.6,ml,6,155.91,0.129,0.184,nn,nn00501944,2020-05-02T03:35:01.760Z,"42 km E of Fort Bidwell, California",earthquake,,5.8,0.43,5,reviewed,nn,nn
2015-05-22T18:47:42.980Z,37.2925,-114.6546,4,5.3,ml,32,109.36,0.335,0.159,nn,nn00495477,2022-05-03T18:27:15.534Z,"37 km SSW of Caliente, Nevada",earthquake,,1.9,0.22,11,reviewed,nn,nn
2015-02-14T02:28:56.228Z,37.1418,-117.2618,17,4.8,ml,19,54.03,0.168,0.1919,nn,nn00482627,2020-05-02T03:32:22.257Z,"51 km WNW of Beatty, Nevada",earthquake,,1.3,0.28,6,reviewed,nn,nn
2015-02-09T01:45:03.110Z,31.5236667,-115.6743333,12.503,4.89,mw,6,134,0.5093,0.15,ci,ci37314320,2023-07-31T18:07:31.625Z,"87km ESE of Maneadero, B.C., MX",earthquake,0.78,31.61,,6,reviewed,ci,ci
2015-01-28T21:08:53.710Z,40.3178333,-124.6066667,16.881,5.72,mw,52,230,0.2459,0.13,nc,nc72387946,2023-01-22T07:44:02.853Z,"40 km SW of Ferndale, California",earthquake,0.54,0.33,,13,reviewed,nc,nc
2015-01-22T09:09:16.708Z,41.8833,-119.6332,11.7,4.5,ml,10,100.42,0.139,0.1541,nn,nn00478560,2021-05-24T22:48:24.288Z,"43 km E of Fort Bidwell, California",earthquake,,2.3,0.33,9,reviewed,nn,nn
2015-01-03T17:44:03.530Z,44.5074,-114.112,8.5,5,mww,,10,0.123,1.37,us,usc000tbfq,2022-08-07T06:53:29.218Z,"9 km E of Challis, Idaho",earthquake,4.4,3.3,,,reviewed,us,us
2014-12-01T05:57:37.030Z,35.0423,-111.7276,5,4.7,mww,,23,0.555,0.99,us,usb000t1hf,2022-08-07T05:18:42.593Z,"6 km SSW of Kachina Village, Arizona",earthquake,3.5,1.8,,,reviewed,us,us
2014-11-13T06:36:07.489Z,41.9009,-119.6224,0,4.6,ml,7,80.61,0.507,0.0742,nn,nn00467620,2022-08-07T04:02:29.094Z,"44 km E of Fort Bidwell, California",earthquake,,3.4,0.31,7,reviewed,nn,nn
2014-11-07T08:05:54.864Z,41.8805,-119.6299,0,4.7,ml,6,76.98,0.502,0.1903,nn,nn00466648,2022-08-07T03:39:59.839Z,"43 km E of Fort Bidwell, California",earthquake,,0,0.59,4,reviewed,nn,nn
2014-11-06T08:34:46.519Z,41.9061,-119.6573,5.2,4.7,ml,7,78.33,0.481,0.1662,nn,nn00466441,2022-06-21T03:49:26.360Z,"41 km E of Fort Bidwell, California",earthquake,,6.7,0.19,6,reviewed,nn,nn
2014-11-05T07:23:04.418Z,41.9078,-119.6202,0.1,4.6,ml,6,78.37,0.508,0.1359,nn,nn00466248,2022-08-07T03:29:54.972Z,"44 km E of Fort Bidwell, California",earthquake,,6.9,0.16,3,reviewed,nn,nn
2014-09-15T22:01:13.120Z,30.5637,-114.2865,5.23,4.6,mb,,113,0.677,0.98,us,usb000scsi,2016-03-11T09:46:50.949Z,"Baja California, Mexico",earthquake,5.1,2.4,0.065,71,reviewed,us,us
2014-09-15T18:40:05.650Z,30.6303,-114.2304,10,4.7,mb,,171,0.67,0.87,us,usb000scmn,2014-12-08T23:31:02.040Z,"72 km SE of San Felipe, Mexico",earthquake,7,1.9,0.063,78,reviewed,us,us
2014-09-15T18:37:16.550Z,30.8316,-113.8574,10,4.5,mb,,169,0.804,0.8,us,usb000sfxg,2014-12-08T23:31:02.040Z,"61 km SSW of Puerto Peñasco, Mexico",earthquake,5.3,1.9,0.27,4,reviewed,us,us
2014-09-15T18:27:20.610Z,30.4209,-114.2749,10,5.4,mww,,123,0.789,0.99,us,usb000scmd,2022-07-27T02:04:39.874Z,"86 km SE of San Felipe, Mexico",earthquake,6.7,1.8,,,reviewed,us,us
2014-09-15T12:42:33.870Z,30.3355,-113.9963333,9.961,4.5,mh,0,269,1.016,4.12,ci,ci37268352,2016-03-11T09:46:49.665Z,"228km SSE of Estacion Coahuila, B.C., MX",earthquake,12,31.61,,0,reviewed,ci,ci
2014-09-15T12:23:42.980Z,30.5825,-114.2381,10,4.9,mb,,80,0.695,1.33,us,usb000schm,2022-05-03T17:01:15.780Z,"75 km SE of San Felipe, Mexico",earthquake,5.8,1.8,0.035,260,reviewed,us,us
2014-09-15T06:50:09.170Z,30.5697,-114.2873,10,4.7,mb,,108,0.672,1.37,us,usb000scf6,2022-05-03T17:01:56.359Z,"73 km SE of San Felipe, Mexico",earthquake,6,1.8,0.048,136,reviewed,us,us
2014-08-24T10:20:44.070Z,38.2151667,-122.3123333,11.12,6.02,mw,369,28,0.03604,0.18,nc,nc72282711,2022-05-03T18:17:55.653Z,"South Napa",earthquake,0.11,0.15,,0,reviewed,nc,nc
2014-07-05T16:59:34.090Z,34.2823333,-117.0266667,7.25,4.58,mw,188,32,,0.23,ci,ci15520985,2022-08-07T00:30:25.199Z,"11km NE of Running Springs, CA",earthquake,0.12,0.28,,6,reviewed,ci,ci
2014-04-13T00:04:39.000Z,44.62,-114.33,3.5,4.8,mwr,,,,1.43,us,usc000pi6d,2022-08-06T23:09:26.630Z,"15 km NNW of Challis, Idaho",earthquake,,3.8,0.033,89,reviewed,mb,us
2014-03-30T12:34:39.160Z,44.7721667,-110.6846667,5.62,4.83,mw,35,63,0.04763,0.25,uu,uu60061837,2022-08-06T22:55:40.562Z,"22 km S of Mammoth, Wyoming",earthquake,0.41,0.79,,0,reviewed,uu,uu
2014-03-29T04:09:42.170Z,33.9325,-117.9158333,5.09,5.1,mw,321,9,0.01443,0.24,ci,ci15481673,2022-11-05T22:39:58.701Z,"2km NW of Brea, CA",earthquake,0.1,0.21,,6,reviewed,ci,ci
2014-03-22T00:58:09.440Z,30.44,-114.0633,12.5,5.3,mwr,,,,2.53,us,usc000nkku,2022-07-26T10:12:14.229Z,"98 km SE of San Felipe, Mexico",earthquake,,3.4,0.033,87,reviewed,ecx,us
2014-03-21T17:50:13.400Z,30.419,-114.062,14.71,4.6,mwr,,65,1.358,1.43,us,usc000nk1q,2014-05-24T00:54:38.000Z,"100 km SE of San Felipe, Mexico",earthquake,,4,0.065,23,reviewed,us,us
2014-03-21T17:37:13.140Z,30.4075,-114.0828,10.29,4.9,mwr,,95,1.348,1.46,us,usc000nk0p,2014-05-24T00:54:38.000Z,"99 km SE of San Felipe, Mexico",earthquake,,1.6,0.055,32,reviewed,us,us
2014-03-10T05:18:13.430Z,40.8286667,-125.1338333,16.441,6.8,mw,112,229,0.6568,0.15,nc,nc72182046,2022-09-24T19:42:07.982Z,"77 km WNW of Indianola, California",earthquake,0.64,1.88,,5,reviewed,nc,nc
2014-03-05T02:24:23.350Z,31.3228,-119.4094,7.2,4.6,mb,,176,1.921,0.67,us,usb000n1b3,2022-08-06T22:04:10.564Z,"246 km SSW of Avalon, California",earthquake,,5,0.051,117,reviewed,us,us
2014-01-12T20:24:46.740Z,38.8135,-122.8161667,1.9,4.53,mw,103,25,0.01081,0.05,nc,nc72141176,2022-08-06T21:05:51.540Z,"8 km W of Cobb, California",earthquake,0.08,0.14,,10,reviewed,nc,nc
2013-12-20T05:27:08.000Z,31.22,-115.908,6,4.8,mwr,,,,1.57,us,usc000lnnb,2022-08-06T20:30:17.704Z,"34 km ESE of San Vicente, Mexico",earthquake,,1.8,0.066,,reviewed,ecx,us
2013-10-21T15:55:27.050Z,30.0798,-113.5066,14.33,4.7,mb,,156,1.963,0.78,us,usb000khvv,2013-12-30T23:41:17.000Z,"80 km WNW of La Libertad, Mexico",earthquake,,5.4,0.183,,reviewed,us,us
2013-10-11T23:05:37.330Z,40.9835,-124.7498333,8.635,4.94,mw,124,214,0.4775,0.17,nc,nc72086051,2022-08-06T18:16:08.537Z,"50 km WNW of Samoa, California",earthquake,0.43,0.95,,6,reviewed,nc,nc
2013-06-07T03:17:54.150Z,30.055,-114.161,10.2,4.7,mb,69,110,,1.11,us,usc000hhw4,2022-05-03T16:21:55.250Z,"125 km SSE of San Felipe, Mexico",earthquake,,2.7,,155,reviewed,us,us
2013-05-29T14:38:03.410Z,34.4061667,-119.9198333,7.12,4.8,mw,37,63,,0.44,ci,ci15350729,2022-08-06T15:58:27.420Z,"6km W of Isla Vista, CA",earthquake,0.46,1.56,,6,reviewed,ci,ci
2013-05-24T08:02:19.510Z,40.1795,-121.0781667,3.65,4.86,ml,30,136,0.08539,0.09,nc,nc71997821,2023-05-20T14:18:43.860Z,"1km NNW of Canyondam, CA",earthquake,0.32,1.13,0.162,84,reviewed,nc,nc
2013-05-24T03:47:08.180Z,40.1918333,-121.0595,7.968,5.69,mw,32,69,0.08649,0.08,nc,nc71996906,2022-08-06T15:40:22.649Z,"2 km NNE of Canyondam, California",earthquake,0.26,0.68,,5,reviewed,nc,nc
2013-03-11T16:56:06.060Z,33.5008333,-116.4581667,10.943,4.7,mh,110,16,0.03525,0.22,ci,ci15296281,2022-08-06T14:16:28.267Z,"21km ESE of Anza, CA",earthquake,0.14,0.32,,0,reviewed,ci,ci
2013-02-13T00:10:14.393Z,38.0222,-118.0553,7.5,5.1,ml,29,81.88,0.206,0.1391,nn,nn00402688,2022-08-06T13:35:55.840Z,"39 km N of Dyer, Nevada",earthquake,,2.6,0.33,4,reviewed,nn,nn
2012-12-14T10:36:01.590Z,31.095,-119.66,13,6.3,mww,760,20.9,,1.29,us,usp000jwyb,2022-08-08T22:41:13.593Z,"279 km SSW of Avalon, California",earthquake,,,,,reviewed,us,us
2012-10-21T06:55:09.510Z,36.3096667,-120.856,8.619,5.29,mw,100,68,0.06126,0.13,nc,nc71863625,2022-08-06T12:13:01.276Z,"24 km NE of San Lucas, California",earthquake,0.17,0.42,,5,reviewed,nc,nc
2012-09-25T15:15:09.890Z,39.1678333,-123.1658333,10.841,4.51,mw,92,30,0.1117,0.16,nc,nc71847715,2022-08-06T11:54:36.769Z,"3 km N of Talmage, California",earthquake,0.15,0.33,,6,reviewed,nc,nc
2012-08-28T13:18:58.970Z,30.357,-113.997,10,4.5,mwr,121,146.2,,1.31,us,usp000jqzs,2014-11-07T01:48:39.048Z,"109 km SE of San Felipe, Mexico",earthquake,,,,,reviewed,us,us
2012-08-27T23:16:00.510Z,30.545,-113.909,10,5.2,mwr,355,99.9,,1.4,us,usp000jqya,2015-03-24T01:32:20.647Z,"92 km SSW of Puerto Peñasco, Mexico",earthquake,,,,,reviewed,us,us
2012-08-27T05:23:20.340Z,30.551,-113.89,10,5.2,mb,428,80.8,,1.32,us,usp000jqw2,2015-03-24T01:32:19.353Z,"91 km SSW of Puerto Peñasco, Mexico",earthquake,,,,226,reviewed,us,us
2012-08-27T04:41:37.000Z,33.0211667,-115.5195,4.17,4.93,mw,40,82,0.04196,0.21,ci,ci15202921,2022-08-06T11:29:09.816Z,"5km NNE of Brawley, CA",earthquake,0.42,0.64,,6,reviewed,ci,ci
2012-08-26T23:33:25.130Z,33.028,-115.5305,7.47,4.63,mw,62,82,0.04411,0.22,ci,ci15201537,2022-08-06T11:27:52.798Z,"6km N of Brawley, CA",earthquake,0.26,0.63,,6,reviewed,ci,ci
2012-08-26T20:57:58.220Z,33.0185,-115.5403333,8.283,5.41,mw,47,47,0.0329,0.16,ci,ci15200401,2022-08-06T11:24:11.594Z,"4km NNW of Brawley, CA",earthquake,0.3,0.66,,6,reviewed,ci,ci
2012-08-26T19:33:01.090Z,33.0135,-115.5591667,4.387,4.89,mw,50,75,0.02933,0.17,ci,ci15199689,2022-08-06T11:21:19.970Z,"5km NW of Brawley, CA",earthquake,0.29,0.47,,6,reviewed,ci,ci
2012-08-26T19:31:23.040Z,33.0171667,-115.5536667,8.323,5.32,mw,56,73,0.03163,0.21,ci,ci15199681,2023-08-26T08:34:01.079Z,"5km NNW of Brawley, CA",earthquake,0.32,0.72,,6,reviewed,ci,ci
2012-08-26T19:20:04.810Z,33.0158333,-115.5363333,4.79,4.59,mw,23,87,0.03107,0.12,ci,ci15199593,2022-08-06T11:19:14.399Z,"4km N of Brawley, CA",earthquake,0.39,0.48,,6,reviewed,ci,ci
2012-07-01T06:36:06.350Z,32.2131667,-115.2886667,9.641,4.68,mw,14,189,0.2062,0.22,ci,ci11129914,2022-08-06T10:39:21.196Z,"11km W of Alberto Oviedo Mota, B.C., MX",earthquake,1.24,31.61,,6,reviewed,ci,ci
2012-07-01T03:25:20.450Z,32.2071667,-115.3431667,2.821,4.64,mw,10,187,0.2142,0.24,ci,ci11129826,2022-08-06T10:38:19.228Z,"16km W of Alberto Oviedo Mota, B.C., MX",earthquake,1.26,8.28,,0,reviewed,ci,ci
2012-02-14T10:09:28.440Z,32.1991667,-115.2085,9.963,4.87,mw,17,244,0.2344,0.31,ci,ci11066877,2022-08-06T09:07:43.490Z,"5km SW of Alberto Oviedo Mota, B.C., MX",earthquake,2.8,31.61,,0,reviewed,ci,ci
2012-02-13T21:07:02.770Z,41.1431667,-123.7903333,27.358,5.6,mw,41,72,0.1766,0.27,nc,nc71734741,2022-08-06T09:06:40.577Z,"26 km NNW of Willow Creek, California",earthquake,0.43,1.19,,4,reviewed,nc,nc
2012-01-22T00:39:51.110Z,30.289,-114.141,10,4.6,mb,157,108.4,,1.43,us,usp000jdtn,2014-11-07T01:46:49.271Z,"105 km SE of San Felipe, Mexico",earthquake,,,,83,reviewed,us,us
2011-12-23T12:32:40.660Z,30.603,-113.974,10,4.9,mwc,158,134.7,,1.29,us,usp000jcj9,2015-03-24T01:24:07.699Z,"89 km SSW of Puerto Peñasco, Mexico",earthquake,,,,,reviewed,us,gcmt
2011-10-27T06:37:09.340Z,39.6055,-120.4715,11.974,4.73,mw,30,56,0.01892,0.07,nc,nc71671056,2022-08-06T08:10:47.285Z,"3 km WSW of Sattley, California",earthquake,0.24,0.49,,9,reviewed,nc,nc
2011-10-01T07:07:00.547Z,38.8967,-118.7657,3.9,4.8,ml,26,103.47,0.329,0.1538,nn,nn00349954,2022-08-06T07:57:21.860Z,"7 km SSE of Schurz, Nevada",earthquake,,3.1,0.37,11,reviewed,nn,nn
2011-08-27T07:18:21.150Z,36.5843333,-121.1808333,7.5,4.64,mw,97,31,0.08108,0.08,nc,nc71627835,2022-08-06T07:38:12.113Z,"21 km NE of Soledad, California",earthquake,0.11,0.3,,5,reviewed,nc,nc
2011-04-17T00:45:37.080Z,38.3891,-118.7433,5.1,4.6,ml,33,56.28,0.295,0.1647,nn,nn00424006,2018-06-28T20:54:38.942Z,"18 km SW of Hawthorne, Nevada",earthquake,,3.4,0.29,8,reviewed,nn,nn
2011-02-20T19:34:39.980Z,32.0468333,-115.2518333,9.908,4.5,mw,5,310,0.3743,0.18,ci,ci14937988,2022-08-06T05:51:01.875Z,"22km SSW of Alberto Oviedo Mota, B.C., MX",earthquake,1.58,31.61,,0,reviewed,ci,ci
2011-02-18T17:47:35.770Z,32.047,-115.0621667,14.929,5.09,mw,11,270,0.4246,0.26,ci,ci14937372,2022-08-06T05:49:00.680Z,"17km SSW of Estacion Coahuila, B.C., MX",earthquake,3.98,31.61,,7,reviewed,ci,ci
2011-01-26T00:11:28.000Z,31.236,-115.653,5,4.5,mb,55,181.9,,,us,usp000htnp,2016-03-14T20:12:39.979Z,"56 km ENE of Licenciado Gustavo Díaz Ordaz, Mexico",earthquake,,,,1,reviewed,ecx,us
2011-01-12T08:51:03.680Z,36.7711667,-121.4963333,7.661,4.5,mw,134,35,0.01802,0.19,nc,nc71508850,2022-08-06T05:30:14.096Z,"9 km SSE of San Juan Bautista, California",earthquake,0.15,0.28,,16,reviewed,nc,nc
2011-01-03T12:06:36.860Z,38.2471667,-112.3451667,11.09,4.56,ml,23,47,0.2414,0.23,uu,uu50419770,2019-06-28T18:48:46.938Z,"10 km NW of Circleville, Utah",earthquake,0.49,1.02,,12,reviewed,uu,uu
2010-12-11T12:52:26.310Z,32.1633333,-115.2638333,13.005,4.71,mw,13,250,0.2578,0.18,ci,ci14895612,2022-08-06T05:07:35.065Z,"11km SW of Alberto Oviedo Mota, B.C., MX",earthquake,2.48,1.12,,6,reviewed,ci,ci
2010-11-04T19:39:59.550Z,32.8645,-115.9973333,13.146,4.57,ml,64,39,0.03251,0.25,ci,ci10832573,2022-08-06T04:49:34.854Z,"14km N of Ocotillo, CA",earthquake,0.26,0.58,0.146,196,reviewed,ci,ci
2010-09-20T00:30:02.400Z,32.0261667,-115.1083333,9.939,4.75,mw,9,272,0.4261,0.22,ci,ci14844244,2022-08-06T04:33:34.490Z,"21km SSW of Estacion Coahuila, B.C., MX",earthquake,4.9,31.61,,0,reviewed,ci,ci
2010-09-15T07:50:07.130Z,29.787,-114.141,10,5.3,mwc,270,78.1,,1.47,us,usp000hkrd,2022-07-18T20:08:30.985Z,"140 km W of La Libertad, Mexico",earthquake,,,,,reviewed,us,gcmt
2010-09-14T10:52:18.000Z,32.0485,-115.1981667,9.939,4.96,mw,12,263,0.3808,0.21,ci,ci10798005,2022-08-06T04:31:31.041Z,"20km S of Alberto Oviedo Mota, B.C., MX",earthquake,1.95,31.61,,0,reviewed,ci,ci
2010-08-05T00:04:17.860Z,43.596,-110.391,5,4.8,mwr,120,24.6,,0.97,us,usp000hhj8,2022-08-09T08:05:26.551Z,"19 km E of Kelly, Wyoming",earthquake,,,,,reviewed,us,us
2010-07-07T23:53:33.480Z,33.4173333,-116.4746667,12.318,5.42,mw,112,19,0.09786,0.23,ci,ci10736069,2022-08-06T03:46:43.497Z,"20km NNW of Borrego Springs, CA",earthquake,0.16,0.35,,7,reviewed,ci,ci
2010-06-15T04:26:58.240Z,32.705,-115.9113333,8.756,5.71,mw,45,71,0.05832,0.2,ci,ci14745580,2022-08-06T03:17:33.097Z,"8km ESE of Ocotillo, CA",earthquake,0.41,0.83,,6,reviewed,ci,ci
2010-05-22T17:33:17.900Z,32.6243333,-115.7683333,7.493,4.6,mw,32,131,0.04329,0.14,ci,ci14718764,2022-08-06T02:48:48.318Z,"18km WNW of Progreso, B.C., MX",earthquake,0.56,0.76,,6,reviewed,ci,ci
2010-05-22T17:30:58.170Z,32.6168333,-115.7563333,8.073,4.9,mw,38,132,0.0411,0.17,ci,ci14718756,2022-08-06T02:47:40.828Z,"17km WNW of Progreso, B.C., MX",earthquake,0.54,0.69,,0,reviewed,ci,ci
2010-05-19T00:38:59.780Z,32.6601667,-115.8253333,8.913,4.53,mw,32,80,0.008128,0.18,ci,ci10671989,2022-08-06T02:41:01.008Z,"18km ESE of Ocotillo, CA",earthquake,0.55,0.61,,0,reviewed,ci,ci
2010-05-08T18:46:27.460Z,32.6755,-115.8101667,2.383,4.69,mw,43,88,0.02652,0.18,ci,ci10657549,2022-08-06T02:27:59.474Z,"18km ESE of Ocotillo, CA",earthquake,0.32,0.52,,6,reviewed,ci,ci
2010-05-08T18:33:10.750Z,32.6815,-115.7971667,5.955,4.8,mw,54,97,0.02883,0.24,ci,ci10657533,2022-08-06T02:26:51.544Z,"19km ESE of Ocotillo, CA",earthquake,0.37,31.61,,0,reviewed,ci,ci
2010-05-04T11:26:32.050Z,32.2636667,-115.2866667,14.059,4.68,ml,21,224,0.1562,0.26,ci,ci14692836,2022-08-06T02:17:20.744Z,"12km WNW of Alberto Oviedo Mota, B.C., MX",earthquake,1.56,1.04,0.156,193,reviewed,ci,ci
2010-04-27T10:55:35.720Z,32.6921667,-115.8465,3.278,4.58,mw,43,56,0.02767,0.23,ci,ci14682004,2022-08-06T02:12:05.840Z,"14km ESE of Ocotillo, CA",earthquake,0.3,0.46,,6,reviewed,ci,ci
2010-04-22T17:12:13.050Z,32.6595,-115.8075,5.315,4.63,ml,40,125,0.0165,0.21,ci,ci10629477,2022-08-06T02:07:48.245Z,"19km ESE of Ocotillo, CA",earthquake,0.41,0.34,0.133,408,reviewed,ci,ci
2010-04-15T23:59:39.260Z,41.7133333,-111.094,10.16,4.89,ml,29,88,0.2638,0.21,uu,uu50407595,2022-06-21T03:33:37.998Z,"9 km NE of Randolph, Utah",earthquake,0.52,1.26,,22,reviewed,uu,uu
2010-04-15T10:20:46.910Z,32.096,-115.0111667,16.603,4.73,mw,7,311,0.2135,0.08,ci,ci10612285,2022-08-06T01:57:32.842Z,"11km S of Estacion Coahuila, B.C., MX",earthquake,2.62,1.51,,6,reviewed,ci,ci
2010-04-10T09:12:28.030Z,32.6753333,-115.7581667,9.715,4.5,mw,45,55,0.00853,0.2,ci,ci10597061,2022-08-06T01:44:56.777Z,"20km WNW of Progreso, B.C., MX",earthquake,0.35,0.52,,0,reviewed,ci,ci
2010-04-09T23:05:42.000Z,32.1818333,-115.245,12.267,4.7,mw,21,247,0.187,0.16,ci,ci10595133,2022-08-06T01:35:53.280Z,"9km SW of Alberto Oviedo Mota, B.C., MX",earthquake,1.16,1.37,,0,reviewed,ci,ci
2010-04-08T16:44:25.010Z,32.1646667,-115.2683333,9.985,5.29,mw,20,249,0.4901,0.2,ci,ci10589037,2022-08-06T01:25:22.927Z,"12km SW of Alberto Oviedo Mota, B.C., MX",earthquake,1.52,31.61,,6,reviewed,ci,ci
2010-04-06T10:06:37.750Z,32.6651667,-115.8106667,1.733,4.51,ml,39,158,0.07283,0.23,ci,ci14618772,2022-08-06T01:06:22.600Z,"19km ESE of Ocotillo, CA",earthquake,0.46,0.67,0.13,209,reviewed,ci,ci
2010-04-06T08:12:23.620Z,31.8315,-115.0126667,9.961,4.67,ml,9,289,0.8188,0.16,ci,ci14618236,2022-08-06T01:08:26.750Z,"40km S of Estacion Coahuila, B.C., MX",earthquake,5.92,31.61,0.152,273,reviewed,ci,ci
2010-04-06T04:12:21.260Z,32.5936667,-115.7738333,3.983,4.56,ml,34,195,0.06844,0.23,ci,ci14617100,2022-08-06T01:01:32.477Z,"18km W of Progreso, B.C., MX",earthquake,0.45,0.53,0.132,174,reviewed,ci,ci
2010-04-06T01:23:00.820Z,32.2151667,-115.0715,9.994,4.51,ml,7,263,0.5276,0.4,ci,ci14616380,2022-08-06T01:07:25.178Z,"7km WNW of Estacion Coahuila, B.C., MX",earthquake,4.77,31.61,0.229,189,reviewed,ci,ci
2010-04-05T13:33:05.360Z,32.6401667,-115.8018333,0.002,4.73,mw,36,188,0.06431,0.23,ci,ci14613212,2022-08-06T00:51:39.120Z,"21km ESE of Ocotillo, CA",earthquake,0.51,0.83,,6,reviewed,ci,ci
2010-04-05T11:14:14.890Z,32.6638333,-115.8088333,13.653,4.93,mw,37,160,0.07104,0.29,ci,ci14612516,2022-08-06T00:49:12.642Z,"19km ESE of Ocotillo, CA",earthquake,0.73,0.84,,0,reviewed,ci,ci
2010-04-05T03:15:24.770Z,32.6465,-115.8055,1.243,4.96,ml,35,181,0.06681,0.21,ci,ci14609660,2022-08-06T00:44:45.402Z,"20km ESE of Ocotillo, CA",earthquake,0.71,0.9,0.142,178,reviewed,ci,ci
2010-04-05T02:47:27.410Z,32.2851667,-115.3025,10.003,4.51,ml,15,239,0.5262,0.19,ci,ci30389759,2020-06-27T07:25:08.642Z,"13km SW of Delta, B.C., MX",earthquake,1.36,31.61,0.169,198,reviewed,ci,ci
2010-04-05T01:52:25.420Z,32.5933333,-115.7733333,4.085,4.68,ml,35,195,0.1369,0.23,ci,ci14608980,2017-02-08T01:33:20.320Z,"18km W of Progreso, B.C., MX",earthquake,0.64,0.67,0.159,74,reviewed,ci,ci
2010-04-05T01:25:34.670Z,32.1445,-115.1148333,10.015,4.64,mw,9,302,0.7162,0.19,ci,ci30213759,2017-02-08T04:55:18.367Z,"11km SSE of Alberto Oviedo Mota, B.C., MX",earthquake,1.51,31.61,,0,reviewed,ci,ci
2010-04-05T00:07:07.920Z,31.9788333,-115.1341667,9.994,5.22,ml,9,276,0.7555,0.38,ci,ci10148002,2022-05-12T17:54:17.835Z,"27km SSW of Estacion Coahuila, B.C., MX",earthquake,7.67,31.61,0.156,123,reviewed,ci,ci
2010-04-04T23:37:33.490Z,32.4623333,-115.5978333,9.966,4.7,ml,22,244,0.2158,0.25,ci,ci14607972,2022-07-16T09:45:19.425Z,"13km S of Progreso, B.C., MX",earthquake,1.16,31.61,0.156,181,reviewed,ci,ci
2010-04-04T23:25:07.190Z,32.2661667,-115.2925,9.987,5.38,mw,10,278,0.5296,0.3,ci,ci14607924,2022-05-02T21:50:24.255Z,"12km WNW of Alberto Oviedo Mota, B.C., MX",earthquake,3.12,31.61,,6,reviewed,ci,ci
2010-04-04T23:17:13.080Z,32.2211667,-115.2906667,9.995,4.56,ml,8,259,0.5639,0.22,ci,ci10169094,2017-02-08T15:42:53.506Z,"11km W of Alberto Oviedo Mota, B.C., MX",earthquake,2.61,31.61,0.11,11,reviewed,ci,ci
2010-04-04T23:15:14.240Z,32.3,-115.2595,9.987,5.43,mw,8,254,0.4955,0.23,ci,ci14607836,2022-05-02T22:35:48.114Z,"9km SW of Delta, B.C., MX",earthquake,1.8,31.61,,4,reviewed,ci,ci
2010-04-04T23:09:40.110Z,32.204,-115.3328333,9.979,4.79,ml,9,284,0.6059,0.17,ci,ci14607820,2020-07-07T22:06:16.238Z,"16km W of Alberto Oviedo Mota, B.C., MX",earthquake,2.12,31.61,0.18,305,reviewed,ci,ci
2010-04-04T22:50:17.120Z,32.0986667,-115.0481667,10.011,5.7,mw,5,296,0.7811,0.33,ci,ci31957759,2022-05-02T21:51:30.725Z,"12km SSW of Estacion Coahuila, B.C., MX",earthquake,3.14,31.61,,4,reviewed,ci,ci
2010-04-04T22:43:00.430Z,32.4533333,-115.632,9.981,5.26,ml,16,239,0.3162,0.26,ci,ci10184394,2017-02-08T15:33:36.578Z,"15km SSW of Progreso, B.C., MX",earthquake,1,31.61,0.11,13,reviewed,ci,ci
2010-04-04T22:40:42.360Z,32.2861667,-115.2953333,9.987,7.2,mw,10,239,0.5137,0.11,ci,ci14607652,2023-04-28T18:40:57.775Z,"12km SW of Delta, B.C., MX",earthquake,1.81,31.61,,0,reviewed,ci,ci
2010-03-30T09:14:10.460Z,31.276,-114.049,10,4.6,mb,38,160.6,,1.17,us,usp000ha4x,2014-11-07T01:41:06.521Z,"48 km W of Puerto Peñasco, Mexico",earthquake,,,,8,reviewed,us,us
2010-03-06T08:47:37.870Z,40.32,-124.733,12.543,4.5,mh,6,293,5.654,0.07,ci,ci14597412,2016-03-10T05:53:51.443Z,"49km SW of Ferndale, CA",earthquake,4.68,31.61,,0,reviewed,ci,ci
2010-03-06T08:46:23.810Z,40.3198333,-124.7333333,12.397,4.53,mw,78,237,0.3324,0.12,nc,nc71359410,2022-08-06T00:13:23.309Z,"48 km SW of Ferndale, California",earthquake,0.39,0.42,,4,reviewed,nc,nc
2010-02-04T20:20:21.970Z,40.4123333,-124.9613333,23.048,5.88,mw,41,233,0.4802,0.19,nc,nc71348851,2022-08-05T23:49:31.575Z,"61 km WSW of Ferndale, California",earthquake,1.42,7.41,,7,reviewed,nc,nc
2010-01-10T00:27:39.320Z,40.652,-124.6925,28.737,6.5,mw,51,220,0.3225,0.2,nc,nc71338066,2022-08-05T23:26:47.399Z,"37 km WNW of Ferndale, California",earthquake,0.55,1.31,,8,reviewed,nc,nc
2009-12-30T18:53:23.960Z,32.5323333,-115.2081667,5.986,4.77,ml,21,193,0.2792,0.34,ci,ci14565636,2020-07-07T22:05:21.405Z,"14km ESE of Puebla, B.C., MX",earthquake,1.75,31.61,0.12,302,reviewed,ci,ci
2009-12-30T18:48:57.330Z,32.464,-115.1891667,5.971,5.8,mw,19,205,0.324,0.39,ci,ci14565620,2022-08-05T23:13:27.083Z,"12km N of Delta, B.C., MX",earthquake,1.83,31.61,,7,reviewed,ci,ci
2009-11-16T21:21:30.630Z,35.5485,-117.2745,1.248,4.6,ml,54,46,0.0771,0.23,ci,ci10497821,2022-08-05T22:59:20.974Z,"26km SSE of Trona, CA",earthquake,0.28,0.64,0.135,377,reviewed,ci,ci
2009-10-16T10:27:15.260Z,30.045,-113.931,10,4.6,mb,102,185.8,,1.14,us,usp000h328,2022-07-15T19:09:13.786Z,"120 km W of La Libertad, Mexico",earthquake,,,,43,reviewed,us,us
2009-10-14T02:53:13.160Z,30.301,-114.11,10,4.5,mb,57,152.1,,1.23,us,usp000h2xg,2022-07-15T18:52:20.778Z,"106 km SE of San Felipe, Mexico",earthquake,,,,16,reviewed,us,us
2009-10-08T06:01:07.360Z,30.061,-114.073,10,4.6,mb,135,99.5,,1.37,us,usp000h2jj,2014-11-07T01:39:53.769Z,"Baja California, Mexico",earthquake,,,,32,reviewed,us,us
2009-10-08T04:45:47.930Z,30.07,-114.166,10,4.5,mb,18,245.1,,1.08,us,usp000h2jd,2014-11-07T01:39:53.747Z,"123 km SSE of San Felipe, Mexico",earthquake,,,,1,reviewed,us,us
2009-10-08T04:10:51.650Z,30.284,-113.781,10,4.5,mb,20,196.1,,1.09,us,usp000h2j8,2014-11-07T01:39:53.723Z,"112 km WNW of La Libertad, Mexico",earthquake,,,,1,reviewed,us,us
2009-10-08T01:38:36.300Z,30.304,-114.031,10,4.7,mb,58,167.6,,1.26,us,usp000h2hp,2022-07-15T18:47:24.407Z,"111 km SE of San Felipe, Mexico",earthquake,,,,9,reviewed,us,us
2009-10-03T05:31:57.720Z,36.39,-117.8635,0.08,4.66,ml,36,51,0.1674,0.25,ci,ci14520476,2022-08-05T22:15:38.376Z,"18km NE of Olancha, CA",earthquake,0.37,0.9,0.131,399,reviewed,ci,ci
2009-10-03T01:16:00.310Z,36.391,-117.8608333,-1.77,5.19,mw,36,50,0.1658,0.33,ci,ci14519780,2022-08-05T22:11:26.331Z,"18km NE of Olancha, CA",earthquake,0.46,1.22,,6,reviewed,ci,ci
2009-10-03T01:10:26.100Z,36.3863333,-117.8681667,1.688,4.85,ml,23,52,0.172,0.28,ci,ci14519764,2022-08-05T22:15:48.623Z,"17km NE of Olancha, CA",earthquake,0.37,31.61,0.135,372,reviewed,ci,ci
2009-10-03T01:09:19.140Z,36.391,-117.8638333,0.7,4.74,ml,36,51,0.1665,0.26,ci,ci14519756,2022-08-05T22:14:38.857Z,"18km NE of Olancha, CA",earthquake,0.42,0.95,0.164,185,reviewed,ci,ci
2009-10-01T10:01:24.670Z,36.3878333,-117.8586667,3.985,5,mw,34,49,0.1683,0.32,ci,ci14517500,2022-08-05T22:04:02.196Z,"18km NE of Olancha, CA",earthquake,0.49,31.61,,0,reviewed,ci,ci
2009-09-19T22:55:17.840Z,32.3706667,-115.2611667,9.987,5.08,mw,27,261,0.4352,0.42,ci,ci14512436,2022-08-05T21:59:53.916Z,"7km WNW of Delta, B.C., MX",earthquake,1.89,31.61,,5,reviewed,ci,ci
2009-09-13T07:06:22.390Z,29.446,-113.599,10,5,mwc,169,171.2,,1.34,us,usp000h1g3,2016-11-10T02:17:12.172Z,"101 km WSW of La Libertad, Mexico",earthquake,,,,,reviewed,us,gcmt
2009-08-07T10:49:34.720Z,40.3098333,-124.637,16.257,4.92,mw,32,232,0.2586,0.09,nc,nc71261376,2022-08-05T21:30:33.823Z,"43 km SW of Ferndale, California",earthquake,0.77,0.35,,6,reviewed,nc,nc
2009-08-05T09:13:12.300Z,29.615,-113.789,10,5.8,mwc,223,47.8,,1.32,us,usp000h005,2022-07-15T15:18:19.114Z,"111 km WSW of La Libertad, Mexico",earthquake,,,,,reviewed,us,gcmt
2009-05-23T22:58:32.940Z,36.3961667,-117.8376667,-0.64,4.73,ml,38,52,0.1564,0.25,ci,ci14462064,2022-08-05T20:28:36.698Z,"20km NE of Olancha, CA",earthquake,0.38,0.94,0.138,385,reviewed,ci,ci
2009-05-18T03:39:36.340Z,33.9376667,-118.3356667,13.817,4.7,mw,123,44,,0.34,ci,ci10410337,2022-08-05T20:19:51.446Z,"2km E of Lennox, CA",earthquake,0.29,0.49,,0,reviewed,ci,ci
2009-03-24T11:55:43.930Z,33.3171667,-115.7281667,6.003,4.77,ml,77,37,0.03561,0.26,ci,ci14433456,2022-08-05T19:52:03.176Z,"4km S of Bombay Beach, CA",earthquake,0.28,1.34,0.127,346,reviewed,ci,ci
2009-02-24T07:10:30.600Z,30.104,-114.348,4,4.6,mb,113,110.4,,,us,usp000gube,2022-07-15T04:48:45.473Z,"112 km SSE of San Felipe, Mexico",earthquake,,,,35,reviewed,ecx,us
2008-12-28T05:17:07.470Z,32.5681667,-115.5428333,10.01,4.52,ml,39,187,0.1748,0.91,ci,ci10368325,2022-08-05T19:00:02.720Z,"4km ESE of Progreso, B.C., MX",earthquake,2.92,31.61,0.15,375,reviewed,ci,ci
2008-12-26T12:19:40.020Z,39.9598333,-120.8688333,-1.668,4.5,mw,46,93,0.08559,0.13,nc,nc51213957,2022-08-05T18:57:46.742Z,"3 km NE of East Quincy, California",earthquake,0.27,1.21,,4,reviewed,nc,nc
2008-12-06T04:18:42.850Z,34.8133333,-116.4188333,6.37,5.06,mw,48,65,0.07081,0.19,ci,ci14408052,2022-08-05T18:44:44.117Z,"26km WNW of Ludlow, CA",earthquake,0.21,0.78,,6,reviewed,ci,ci
2008-11-20T19:23:00.190Z,32.3288333,-115.3318333,6.006,4.98,ml,29,228,0.4619,1.28,ci,ci14404512,2022-08-05T18:39:25.267Z,"13km WSW of Delta, B.C., MX",earthquake,4.32,31.61,0.129,246,reviewed,ci,ci
2008-11-16T05:43:15.590Z,40.3138333,-124.6026667,18.887,4.6,mw,39,230,0.2342,0.11,nc,nc51211307,2022-06-21T18:28:07.266Z,"40 km SW of Ferndale, California",earthquake,0.86,0.35,,7,reviewed,nc,nc
2008-10-26T09:27:22.340Z,40.3368333,-124.6288333,20.827,4.9,mw,22,231,0.2604,0.04,nc,nc71011617,2020-05-06T09:21:58.793Z,"40 km SW of Ferndale, California",earthquake,0.73,0.31,,5,reviewed,nc,nc
2008-09-05T21:54:33.590Z,32.3468333,-115.2295,14.987,4.63,ml,26,225,0.4423,0.72,ci,ci10347253,2020-05-02T01:56:52.544Z,"4km WSW of Delta, B.C., MX",earthquake,2.4,31.61,0.118,245,reviewed,ci,ci
2008-08-17T05:56:59.370Z,41.1885,-124.216,15.66,4.6,mw,15,172,0.1486,0.06,nc,nc51207076,2020-06-27T07:23:47.818Z,"7 km WNW of Big Lagoon, California",earthquake,0.52,0.36,,10,reviewed,nc,nc
2008-07-29T18:42:15.670Z,33.9485,-117.7663333,15.503,5.44,mw,136,17,0.08724,0.3,ci,ci14383980,2023-06-04T20:04:45.528Z,"5km S of Chino Hills, CA",earthquake,0.19,0.52,,6,reviewed,ci,ci
2008-05-14T16:09:52.930Z,30.25,-114.3,10,4.8,mwc,20,264.5,,1.14,us,usp000g6r2,2016-11-10T01:55:58.562Z,"100 km SSE of San Felipe, Mexico",earthquake,,,,,reviewed,us,gcmt
2008-04-30T03:03:06.900Z,40.8358333,-123.4968333,27.755,5.4,mw,33,36,0.1829,0.14,nc,nc40216664,2022-06-21T18:17:52.317Z,"3 km NNW of Burnt Ranch, California",earthquake,0.3,1.15,,8,reviewed,nc,nc
2008-04-26T06:40:19.120Z,38.6103333,-119.1331667,3.535,4.7,mh,5,253,0.7747,0.51,ci,ci10320621,2022-08-09T07:48:20.910Z,"27km SE of Smith Valley, NV",earthquake,2.84,31.61,,0,reviewed,ci,ci
2008-04-26T06:40:10.453Z,39.5231,-119.9393,2.8,5.1,ml,35,39.56,0.008,0.122,nn,nn00385392,2021-10-20T18:13:32.559Z,"1 km NW of Mogul, Nevada",earthquake,,0.5,0.13,2,reviewed,nn,nn
2008-04-26T06:39:59.648Z,39.5212,-119.9279,2.8,4.8,mw,40,38.3,0.002,0.104,nn,nn00242527,2017-06-19T19:32:57.740Z,"0 km N of Mogul, Nevada",earthquake,,0.5,,,reviewed,nn,nn
2008-02-22T23:27:45.133Z,41.1279,-114.9215,11,4.8,ml,10,132.34,0.021,0.1407,nn,nn00235053,2022-08-07T08:31:58.909Z,"4 km ENE of Wells, Nevada",earthquake,,1.1,,,reviewed,nn,nn
2008-02-22T19:33:52.140Z,32.3901667,-115.2698333,5.982,4.58,ml,18,263,0.4401,0.47,ci,ci12330895,2022-08-08T22:24:40.922Z,"8km WNW of Delta, B.C., MX",earthquake,1.46,31.61,0.218,40,reviewed,ci,ci
2008-02-22T19:31:18.480Z,32.421,-115.2853333,6.001,4.78,ml,33,213,0.4067,0.46,ci,ci14352012,2022-08-05T16:35:35.233Z,"11km NW of Delta, B.C., MX",earthquake,1.21,31.61,0.117,233,reviewed,ci,ci
2008-02-21T23:57:50.945Z,41.1463,-114.9313,13.2,4.6,mw,7,95.73,0.305,0.1012,nn,nn00234666,2020-05-12T00:57:54.888Z,"4 km NE of Wells, Nevada",earthquake,,11,,,reviewed,nn,nn
2008-02-21T14:34:55.538Z,41.137,-114.8398,0,5.1,ml,7,138.75,0.322,0.3244,nn,nn00517570,2015-11-16T20:00:35.791Z,"10 km ENE of Wells, Nevada",earthquake,2.95,,0.33,6,reviewed,nn,nn
2008-02-21T14:20:51.446Z,41.1165,-114.9011,6.8,4.6,ml,16,92.55,0.284,0.282,nn,nn00235990,2018-07-24T21:26:05.673Z,"5 km E of Wells, Nevada",earthquake,,2.6,0.32,11,reviewed,nn,nn
2008-02-21T14:16:02.821Z,41.1444,-114.8721,7.9,5.9,mw,18,95.21,0.318,0.1855,nn,nn00234425,2022-05-02T20:30:21.272Z,"8 km ENE of Wells, Nevada",earthquake,,1.9,,,reviewed,nn,nn
2008-02-20T01:28:55.450Z,32.4261667,-115.3063333,6.001,4.83,ml,33,212,0.3962,0.53,ci,ci14351300,2022-08-05T16:36:42.833Z,"13km NW of Delta, B.C., MX",earthquake,1.52,31.61,0.117,256,reviewed,ci,ci
2008-02-19T22:41:29.660Z,32.4325,-115.313,6.006,5.01,mw,32,210,0.3885,0.55,ci,ci14351140,2022-08-05T16:37:59.846Z,"14km NW of Delta, B.C., MX",earthquake,1.58,31.61,,6,reviewed,ci,ci
2008-02-19T20:24:27.920Z,29.785,-114.063,10,5.1,mwc,64,188.2,,1.34,us,usp000fz8x,2016-11-10T01:52:02.388Z,"133 km W of La Libertad, Mexico",earthquake,,,,,reviewed,us,gcmt
2008-02-12T04:32:39.240Z,32.4475,-115.3175,6.018,4.97,mw,29,208,0.3731,0.44,ci,ci14348588,2022-05-02T19:36:57.520Z,"13km SSE of Puebla, B.C., MX",earthquake,1.47,31.61,,6,reviewed,ci,ci
2008-02-11T18:29:30.530Z,32.3271667,-115.2568333,6.001,5.1,mw,28,228,0.5031,1.04,ci,ci14348196,2022-05-02T19:37:00.378Z,"7km WSW of Delta, B.C., MX",earthquake,4.91,31.61,,6,reviewed,ci,ci
2008-02-09T07:12:04.550Z,32.3595,-115.2773333,6.001,5.1,mw,31,222,0.467,1.4,ci,ci14346868,2022-08-05T16:45:21.149Z,"8km W of Delta, B.C., MX",earthquake,5.62,31.61,,6,reviewed,ci,ci
2008-01-19T23:13:05.430Z,40.1776667,-122.7036667,2.049,4.7,mw,36,32,0.03514,1.04,nc,nc51194936,2020-06-27T06:43:05.997Z,"31 km NW of Rancho Tehama Reserve, California",earthquake,1.14,2.24,,6,reviewed,nc,nc
2008-01-19T17:18:46.470Z,40.1671667,-122.7593333,10.169,4.5,mw,31,37,0.05856,0.32,nc,nc51194914,2020-06-27T06:41:31.206Z,"34 km WNW of Rancho Tehama Reserve, California",earthquake,0.47,0.68,,6,reviewed,nc,nc
2007-10-31T03:04:54.810Z,37.4335,-121.7743333,9.741,5.45,mw,156,50,0.02703,0.11,nc,nc40204628,2022-08-05T16:49:15.890Z,"6 km NNE of East Foothills, California",earthquake,0.11,0.28,,6,reviewed,nc,nc
2007-09-02T17:29:14.790Z,33.7321667,-117.477,12.192,4.73,ml,136,54,,0.32,ci,ci10275733,2022-08-05T16:51:42.405Z,"13km NE of Trabuco Canyon, CA",earthquake,0.27,0.55,0.137,396,reviewed,ci,ci
2007-08-09T07:58:49.590Z,34.2995,-118.6195,7.062,4.66,ml,111,24,0.0442,0.3,ci,ci14312160,2022-08-05T16:52:58.088Z,"5km NNW of Chatsworth, CA",earthquake,0.24,1.05,0.177,355,reviewed,ci,ci
2007-06-25T02:32:24.620Z,41.1155,-124.8245,2.563,5,mw,213,213,0.6063,0.28,nc,nc51183469,2020-05-21T01:24:59.180Z,"57 km W of Trinidad, California",earthquake,0.54,2.63,,5,reviewed,nc,nc
2007-06-12T07:23:43.130Z,37.5403333,-118.8675,7.94,4.6,mw,44,56,,0.06,nc,nc51182810,2020-08-15T03:52:37.390Z,"14km SE of Mammoth Lakes, CA",earthquake,0.21,0.4,,5,reviewed,nc,nc
2007-05-09T08:07:31.340Z,40.3841667,-124.9553333,-0.553,4.53,mw,57,234,0.4804,0.14,nc,nc51181706,2022-03-14T17:04:15.571Z,"57km W of Petrolia, CA",earthquake,1.07,2.59,,5,reviewed,nc,nc
2007-05-09T07:50:03.830Z,40.3745,-125.0161667,-0.423,5.2,mw,57,239,0.527,0.14,nc,nc51181705,2022-05-02T20:16:41.199Z,"67 km WSW of Ferndale, California",earthquake,0.83,2.98,,4,reviewed,nc,nc
2007-04-18T08:42:22.330Z,39.4645,-123.1073333,4.725,4.79,mw,45,30,0.1153,0.11,nc,nc40195779,2020-06-27T06:35:21.868Z,"15 km N of Potter Valley, California",earthquake,0.16,0.9,,10,reviewed,nc,nc
2007-03-09T03:17:32.110Z,38.4293333,-119.3606667,6.785,4.7,mw,39,119,0.0964,0.06,nc,nc51179422,2020-06-27T06:28:16.203Z,"13 km SE of Walker, California",earthquake,0.17,0.37,,8,reviewed,nc,nc
2007-02-26T12:21:02.140Z,40.642,-124.87,4.957,5.4,mh,21,329,,69.32,ci,ci10233309,2016-03-09T08:10:39.568Z,"52km W of Ferndale, CA",earthquake,99,31.61,,0,reviewed,ci,ci
2007-02-26T12:19:54.530Z,40.6428333,-124.8628333,-0.533,5.4,mw,94,244,0.4333,0.19,nc,nc40193932,2022-05-02T19:56:40.011Z,"51 km W of Ferndale, California",earthquake,0.7,1.64,,13,reviewed,nc,nc
2007-01-18T06:21:06.420Z,30.493,-114.086,10,4.8,mwc,54,149.6,,1.2,us,usp000f2x4,2016-11-10T01:33:52.743Z,"93 km SE of San Felipe, Mexico",earthquake,,,,,reviewed,us,gcmt
2006-11-03T15:56:43.050Z,32.676,-116.0481667,13.436,4.62,ml,48,145,0.04732,0.44,ci,ci10215753,2020-06-27T06:05:57.191Z,"8km SW of Ocotillo, CA",earthquake,0.48,0.64,0.173,378,reviewed,ci,ci
2006-10-20T17:00:08.100Z,38.8666667,-122.7873333,2.546,4.56,mw,69,39,0.04685,0.08,nc,nc21543835,2020-05-06T09:10:38.703Z,"7 km NW of Cobb, California",earthquake,0.13,0.4,,7,reviewed,nc,nc
2006-08-03T03:08:12.860Z,38.3635,-122.5886667,8.55,4.5,mw,107,28,0.01712,0.14,nc,nc21530368,2020-05-06T09:05:57.951Z,"5 km W of Glen Ellen, California",earthquake,0.14,0.27,,6,reviewed,nc,nc
2006-07-19T11:41:43.460Z,40.2806667,-124.4331667,20.064,5,mw,39,223,0.2081,0.09,nc,nc21527987,2020-05-06T09:05:26.783Z,"35 km SSW of Ferndale, California",earthquake,0.61,0.45,,6,reviewed,nc,nc
2006-05-24T04:20:26.010Z,32.3066667,-115.2278333,6.006,5.37,mw,21,263,0.4775,0.36,ci,ci12245763,2022-05-02T15:30:57.072Z,"6km SSW of Delta, B.C., MX",earthquake,1.86,31.61,0.221,0,reviewed,ci,ci
2006-05-12T10:37:29.330Z,38.8171667,-122.8138333,3.618,4.71,mw,47,32,0.01802,0.11,nc,nc21516950,2020-05-06T08:15:03.181Z,"7 km W of Cobb, California",earthquake,0.17,0.47,,7,reviewed,nc,nc
2006-05-01T21:04:42.600Z,30.199,-114.332,10,5.1,mwc,61,165.7,,1.17,us,usp000eg09,2016-11-10T01:21:35.698Z,"103 km SSE of San Felipe, Mexico",earthquake,,,,,reviewed,us,hrv
2006-05-01T20:53:20.960Z,29.809,-114.588,10,4.9,mwc,40,182,,1.41,us,usp000eg08,2016-11-10T01:21:35.204Z,"113 km ESE of El Rosario de Arriba, Mexico",earthquake,,,,,reviewed,us,hrv
2006-03-26T01:56:37.600Z,40.2778333,-124.449,22.253,4.52,mw,28,240,,0.13,nc,nc21510606,2022-02-17T19:15:45.039Z,"15km WSW of Petrolia, CA",earthquake,1.46,0.8,,6,reviewed,nc,nc
2005-10-31T00:23:30.930Z,44.874,-113.399,5,4.5,mwc,48,61.5,,0.73,us,usp000e365,2022-06-18T10:39:25.346Z,"21 km N of Leadore, Idaho",earthquake,,,,,reviewed,us,hrv
2005-10-16T21:11:35.010Z,32.4545,-118.1633333,9.778,4.99,ml,20,244,0.6157,0.38,ci,ci10147909,2020-06-27T05:37:10.324Z,"44km SSE of San Clemente Is. (SE tip), CA",earthquake,1.44,31.61,0.111,386,reviewed,ci,ci
2005-09-22T20:24:48.620Z,35.0433333,-119.0143333,10.005,4.69,mw,107,18,,0.41,ci,ci14186612,2020-05-02T01:31:54.868Z,"14km NW of Grapevine, CA",earthquake,0.31,0.71,0.232,0,reviewed,ci,ci
2005-09-02T01:27:19.590Z,33.1533333,-115.6463333,1.207,5.08,mw,39,52,0.03525,0.33,ci,ci14179736,2021-02-18T19:24:46.862Z,"13km WNW of Calipatria, CA",earthquake,0.33,0.86,,6,reviewed,ci,ci
2005-09-02T01:27:18.610Z,33.1748333,-115.6311667,4.977,4.5,mh,60,32,0.01097,0.36,ci,ci12217067,2022-05-02T18:30:38.615Z,"12km WNW of Calipatria, CA",earthquake,0.49,0.78,,0,reviewed,ci,ci
2005-08-31T23:32:11.040Z,33.1896667,-115.603,4.267,4.57,ml,55,44,0.01613,0.4,ci,ci14178248,2020-06-27T04:48:10.189Z,"10km SW of Niland, CA",earthquake,0.5,0.75,0.142,170,reviewed,ci,ci
2005-08-31T22:47:45.530Z,33.1663333,-115.6351667,4.003,4.63,ml,45,67,0.0198,0.27,ci,ci14178184,2020-06-27T04:47:30.746Z,"12km WNW of Calipatria, CA",earthquake,0.27,31.61,0.131,153,reviewed,ci,ci
2005-07-26T04:08:37.160Z,45.365,-112.615,12.9,5.6,mwc,458,25.7,,0.74,us,usp000dvxx,2022-05-02T17:16:10.816Z,"16 km N of Dillon, Montana",earthquake,,,,,reviewed,us,hrv
2005-06-26T18:45:57.790Z,39.305,-120.0928333,-2.261,4.77,mw,25,82,0.04955,0.26,nc,nc21465580,2020-05-06T08:01:53.473Z,"8 km NNW of Tahoe Vista, California",earthquake,0.55,2.81,,6,reviewed,nc,nc
2005-06-16T20:53:26.020Z,34.058,-117.0113333,10.558,4.88,mw,149,18,,0.29,ci,ci14155260,2023-06-04T20:07:22.879Z,"4km NE of Yucaipa, CA",earthquake,0.21,0.46,,6,reviewed,ci,ci
2005-06-12T15:41:46.520Z,33.5325,-116.5666667,13.051,5.2,mw,96,19,0.04319,0.21,ci,ci14151344,2022-09-07T22:13:56.526Z,"10km ESE of Anza, CA",earthquake,0.17,0.26,,0,reviewed,ci,ci
2005-04-27T00:32:59.020Z,30.253,-114.132,10,5.1,mwc,142,161.6,,0.9,us,usp000dpb7,2022-07-12T21:17:50.063Z,"109 km SE of San Felipe, Mexico",earthquake,,,,,reviewed,us,hrv
2005-04-16T19:18:13.400Z,35.0223333,-119.191,9.288,4.59,mw,73,62,,0.35,ci,ci14138080,2022-05-02T17:55:21.942Z,"20km ESE of Maricopa, CA",earthquake,0.31,1.64,,6,reviewed,ci,ci
2005-03-18T07:23:58.490Z,40.3706667,-124.972,17.08,4.85,mw,139,230,0.4964,0.27,nc,nc21446135,2020-05-06T07:09:36.986Z,"64 km WSW of Ferndale, California",earthquake,0.87,4.5,,4,reviewed,nc,nc
2005-03-02T11:12:57.420Z,34.715,-110.97,5,5.1,mb,30,55.1,,0.82,us,usp000dhc3,2022-06-18T10:04:00.283Z,"40 km SSW of Winslow West, Arizona",earthquake,,,,2,reviewed,us,us
